Area,lat,lon
Ackley,42.55415,-93.05326
Ackworth,41.36694,-93.47271
Adair,41.33075,-94.47094
Adel,41.61443,-94.01745
Afton,41.02749,-94.19801
Agency,40.99502,-92.30685
Ainsworth,41.28891,-91.55238
Akron,42.82888,-96.55948
Albert City,42.78192,-94.9486
Albia,41.02667,-92.80575
Albion,42.57748,-92.78686
Alburnett,42.14833,-91.61851
Alden,42.52026,-93.37604
Alexander,42.8058,-93.47659
Algona,43.06997,-94.23302
Alleman,41.81999,-93.61161
Allerton,40.7064,-93.36521
Allison,42.75275,-92.79519
Alta,42.67359,-95.29055
Alta Vista,42.67359,-95.29055
Alton,42.98749,-96.01057
Altoona,41.64416,-93.46466
Alvord,43.3422,-96.30114
Ames,42.03471,-93.61994
Anamosa,42.10834,-91.28516
Andover,41.97919,-90.2518
Andrew,42.15363,-90.59235
Anita,41.44526,-94.7647
Ankeny,41.72971,-93.60577
Anthon,42.38832,-95.86668
Aplington,42.58415,-92.88436
Arcadia,42.08721,-95.0461
Archer,43.11526,-95.74585
Aredale,42.83303,-93.00547
Arion,41.94916,-95.46361
Arispe,40.94944,-94.21912
Arlington,42.74915,-91.67127
Armstrong,43.39607,-94.47831
Arnolds Park,43.37274,-95.12388
Arthur,42.04693,-94.78998
Asbury,42.51445,-90.75152
Ashton,43.31136,-95.79113
Aspinwall,41.91193,-95.13555
Atalissa,41.57114,-91.16599
Athelstan,40.57221,-94.53746
Atkins,41.99694,-91.86213
Atlantic,41.40721,-95.04666
Auburn,42.25499,-92.09268
Audubon,41.68459,-94.90582
Aurelia,42.71276,-95.43667
Aurora,42.61887,-91.7285
Avoca,41.47666,-95.33805
Ayrshire,43.03913,-94.83276
Badger,42.60131,-94.15148
Bagley,41.8461,-94.42997
Baldwin,42.07418,-90.84153
Balltown,42.63805,-90.86874
Bancroft,43.29274,-94.21802
Bankston,42.51861,-90.96124
Barnes City,41.50834,-92.46824
Barnum,42.50858,-94.36525
Bassett,43.06303,-92.51546
Batavia,40.99418,-92.1674
Battle Creek,42.31554,-95.59861
Baxter,41.8261,-93.15159
Bayard,41.85193,-94.55831
Beacon,41.27695,-92.67964
Beaconsfield,40.80777,-94.05051
Beaman,42.21971,-92.82353
Beaver,41.6686,-93.35771
Bedford,40.66693,-94.72136
Belle Plaine,41.89694,-92.27824
Bellevue,42.25863,-90.42291
Belmond,42.84608,-93.6141
Bennett,41.7403,-90.97376
Benton,42.08019,-92.06569
Berkley,41.94498,-94.11468
Bernard,42.31223,-90.8318
Bertram,41.95542,-91.53097
Bettendorf,41.52448,-90.51569
Bevington,41.36055,-93.79078
Birmingham,40.87891,-91.94712
Blairsburg,42.47998,-93.64299
Blairstown,41.90944,-92.08435
Blakesburg,40.96223,-92.63408
Blanchard,40.57916,-95.22165
Blencoe,41.93027,-96.08085
Blockton,40.61555,-94.47718
Bloomfield,40.75169,-92.41491
Blue Grass,41.50892,-90.76598
Bode,42.8683,-94.28969
Bonaparte,40.69809,-91.80322
Bondurant,41.70054,-93.46216
Boone,42.0597,-93.88023
Bouton,41.85137,-94.00912
Boxholm,42.17581,-94.10607
Boyden,43.19109,-96.00585
Braddyville,40.57888,-95.02998
Bradgate,42.80303,-94.41803
Brandon,42.31444,-92.00212
Brayton,41.54443,-94.92415
Breda,42.18165,-94.97693
Bridgewater,41.24499,-94.66886
Brighton,41.17474,-91.81961
Bristow,42.77386,-92.90742
Britt,43.09774,-93.80189
Bronson,42.41083,-96.21391
Brooklyn,41.73361,-92.44546
Brunsville,42.80971,-96.26919
Buck Grove,41.91804,-95.39611
Buckeye,42.4172,-93.37493
Buffalo,41.45642,-90.72347
Buffalo Center,43.38579,-93.94662
Burlington,40.80754,-91.11292
Burt,43.19746,-94.21969
Bussey,42.80576,-91.10469
Calamus,41.82586,-90.7582
Callender,42.36192,-94.2958
Calmar,43.18358,-91.86405
Calumet,42.94637,-95.55001
Camanche,41.78809,-90.25624
Cambridge,41.89832,-93.5291
Cantril,40.6442,-92.0699
Carbon,41.04999,-94.82331
Carlisle,41.50082,-93.49105
Carpenter,43.41496,-93.01492
Carroll,42.04693,-94.78998
Carson,41.23666,-95.41806
Carter Lake,41.29055,-95.91807
Cascade,42.29862,-91.01486
Casey,41.50499,-94.51941
Castalia,43.11192,-91.67626
Castana,42.07443,-95.90862
Cedar Falls,42.52776,-92.44547
Cedar Rapids,42.00833,-91.64407
Center Junction,42.11612,-91.08709
Center Point,42.19083,-91.78518
Centerville,40.73418,-92.87409
Central City,14.2945,107.91827
Centralia,42.47222,-90.83707
Chariton,41.01389,-93.3066
Charles City,43.07247,-92.61074
Charlotte,41.9603,-90.46513
Charter Oak,42.06832,-95.59167
Chatsworth,42.9161,-96.51642
Chelsea,41.91916,-92.39463
Cherokee,42.73562,-95.62381
Chester,43.49108,-92.36045
Chillicothe,41.08557,-92.52936
Churdan,42.15193,-94.47442
Cincinnati,40.63085,-92.92465
Clare,42.58719,-94.34552
Clarence,41.88891,-91.05654
Clarinda,40.73981,-95.038
Clarion,42.73164,-93.73299
Clarksville,42.7847,-92.66769
Clayton,42.84475,-91.34143
Clear Lake,43.13802,-93.37937
Clearfield,40.80082,-94.47579
Cleghorn,42.81221,-95.71279
Clemons,42.11388,-93.15604
Clermont,43.00359,-91.65237
Clinton,41.84447,-90.18874
Clio,40.63501,-93.45133
Clive,41.60304,-93.72411
Clutier,42.07944,-92.40213
Coburg,40.91749,-95.26443
Coggon,42.28082,-91.53044
Coin,40.65444,-95.23026
Colesburg,42.63944,-91.20208
Colfax,41.67777,-93.2452
College Springs,40.61916,-95.12081
Collins,41.90646,-93.28978
Colo,-8.05582,16.25053
Columbus City,41.28003,-91.36071
Columbus Junction,41.28003,-91.36071
Colwell,43.15581,-92.59407
Conesville,41.38197,-91.34988
Conrad,42.22471,-92.87465
Conway,40.7486,-94.61886
Coon Rapids,41.87082,-94.67748
Coppock,41.16224,-91.71128
Coralville,41.6764,-91.58045
Corning,40.98999,-94.74081
Correctionville,42.47499,-95.78557
Corwith,42.99274,-93.95745
Corydon,40.75695,-93.31882
Cotter,41.29197,-91.46155
Coulter city,42.73312,-93.37005
Council Bluffs,41.26194,-95.86083
Craig,42.89582,-96.30975
Crawfordsville,41.21456,-91.53731
Crescent,41.365,-95.85807
Cresco,43.38136,-92.11405
Creston,41.02138,-94.36329
Cromwell,41.03943,-94.46191
Crystal Lake,43.22329,-93.79244
Cumberland,41.27416,-94.87026
Cumming,41.48332,-93.76244
Curlew,42.97886,-94.74109
Cushing,42.46471,-95.67501
Cylinder,43.08886,-94.55303
Dakota City,42.72219,-94.19718
Dallas Center,41.68443,-93.96106
Dana,42.10748,-94.2408
Danbury,42.23416,-95.72223
Danville,40.86448,-91.3146
Davenport,41.52364,-90.57764
Davis City,40.75169,-92.41491
Dawson,41.84276,-94.22246
Dayton,42.26136,-94.06857
De Soto,41.53166,-94.00967
De Witt,41.82336,-90.53819
Decatur City,40.62278,-93.93412
Decorah,43.27525,-91.73932
Dedham,41.9061,-94.82221
Deep River,41.58028,-92.37491
Defiance,43.3919,-94.86582
Delaware,42.47121,-91.36735
Delhi,42.42971,-91.33098
Delmar,42.00225,-90.60708
Deloit,42.09777,-95.3225
Delphos,40.6636,-94.3394
Delta,41.32279,-92.33018
Denison,41.98638,-95.38055
Denver,42.67137,-92.3374
Derby,40.93167,-93.45632
Des Moines,41.60054,-93.60911
Dexter,41.51832,-94.22635
Diagonal,40.80943,-94.34218
Dickens,43.13136,-95.0236
Dike,42.46415,-92.62825
Dixon,41.7428,-90.78237
Dolliver,42.38692,-94.08357
Donahue,41.69475,-90.67542
Donnellson,40.64282,-91.5646
Doon,43.27942,-96.2328
Dougherty,42.92219,-93.04214
Dow City,41.92888,-95.49389
Dows,42.65664,-93.50104
Drakesville,40.79835,-92.48158
Dubuque,42.50056,-90.66457
Dumont,42.75192,-92.97547
Duncombe,42.47053,-93.99356
Dundee,42.57915,-91.54654
Dunkerton,42.56999,-92.16046
Dunlap,41.85443,-95.60056
Durango,42.56028,-90.77568
Durant,41.59975,-90.9107
Dyersville,42.48444,-91.12291
Dysart,42.17166,-92.3063
Eagle Grove,42.66414,-93.90439
Earlham,41.49193,-94.12412
Earling,41.77554,-95.4175
Earlville,42.48166,-91.27236
Early,42.46137,-95.15194
East Peru,41.22694,-93.92634
Eddyville,41.1565,-92.63739
Edgewood,42.64443,-91.40125
Elberon,42.00611,-92.31685
Eldon,40.91863,-92.22296
Eldora,42.36082,-93.09965
Eldridge,41.65809,-90.58458
Elgin,42.95748,-91.63071
Elk Horn,41.59166,-95.05999
Elk Run Heights,42.46693,-92.25657
Elkader,42.85387,-91.40542
Elkhart,41.79165,-93.52216
Elkport,42.73971,-91.27791
Elliott,41.14916,-95.16388
Ellston,40.84027,-94.10856
Ellsworth,42.31276,-93.57882
Elma,43.24608,-92.53685
Ely,41.87362,-91.58518
Emerson,41.01722,-95.40222
Emmetsburg,43.11274,-94.68304
Epworth,42.445,-90.93208
Essex,40.83361,-95.30832
Estherville,43.40163,-94.83276
Evansdale,42.46915,-92.28102
Everly,43.15997,-95.3275
Exira,41.59082,-94.87554
Exline,40.64918,-92.84048
Fairbank,42.63915,-92.04712
Fairfax,41.91945,-91.78101
Fairfield,41.05307,-91.97878
Farley,42.44278,-91.00625
Farmersburg,42.9611,-91.36791
Farmington,40.64031,-91.74294
Farnhamville,42.27609,-94.40386
Farragut,40.72194,-95.48082
Fayette,42.86259,-91.84432
Fenton,43.21969,-94.43053
Ferguson,41.93693,-92.86575
Fertile,43.2644,-93.41826
Floris,40.86502,-92.33296
Floyd,43.07247,-92.61074
Fonda,42.58137,-94.8461
Fontanelle,41.28971,-94.56164
Forest City,43.23918,-93.62844
Fort Atkinson,43.14331,-91.93266
Fort Dodge,42.49747,-94.16802
Fort Madison,40.62976,-91.31515
Fostoria,43.24219,-95.15555
Franklin,42.73255,-93.26247
Fraser,42.1272,-93.96495
Fredericksburg,42.96525,-92.19962
Frederika,42.88165,-92.30823
Fredonia,42.86628,-96.03633
Fremont,40.74559,-95.60468
Fruitland,41.36335,-91.14491
Galt,42.69358,-93.60549
Galva,42.50693,-95.41722
Garber,42.74193,-91.26208
Garden Grove,40.82722,-93.60716
Garnavillo,42.8686,-91.23596
Garner,41.25861,-95.76056
Garrison,41.68285,-95.81692
Garwin,42.0936,-92.67575
Geneva,42.68709,-93.08505
George,43.34386,-96.00224
Gibson,41.48112,-92.39352
Gilbert,42.10693,-93.64966
Gilbertville,42.4161,-92.2149
Gillett Grove,43.0158,-95.03749
Gilman,41.87888,-92.78936
Gilmore City,42.72942,-94.44775
Gladbrook,42.18776,-92.7152
Glenwood,41.04694,-95.74251
Glidden,42.05693,-94.72887
Goldfield,42.7358,-93.92078
Goodell,42.93997,-93.56882
Goose Lake,42.31244,-93.62591
Gowrie,42.25281,-94.33945
Graettinger,43.23774,-94.75137
Graf,42.49306,-90.87124
Grafton,43.32996,-93.06937
Grand Junction,42.03165,-94.2408
Grand Mound,41.82419,-90.64792
Grand River,40.81944,-93.96245
Grandview,41.27586,-91.18848
Granger,41.7611,-93.82439
Grant,40.76555,-95.37221
Granville,42.98554,-95.87363
Gravity,40.76054,-94.74358
Gray,41.83943,-94.98304
Greeley,42.58582,-91.34153
Greene,42.03624,-94.39684
Greenfield,41.30527,-94.46135
Greenville,43.01664,-95.1461
Grimes,41.68832,-93.79106
Grinnell,41.74305,-92.72241
Griswold,41.23499,-95.13749
Grundy Center,42.36165,-92.76853
Gruver,43.39329,-94.70526
Guernsey,41.64861,-92.34268
Guthrie Center,41.67721,-94.5033
Guttenberg,42.78582,-91.09957
Halbur,42.00693,-94.96999
Hamburg,40.60445,-95.65777
Hamilton,42.43581,-93.86883
Hampton,42.74192,-93.20242
Hancock,43.23918,-93.62844
Hanlontown,43.28023,-93.37882
Hansell,42.75775,-93.10409
Harcourt,42.26275,-94.17579
Hardy,42.81053,-94.05134
Harlan,41.65304,-95.32555
Harper,41.36251,-92.05101
Harpers Ferry,43.20054,-91.15319
Harris,43.44524,-95.43417
Hartford,42.56693,-92.62214
Hartley,43.17997,-95.47695
Hartwick,41.78472,-92.34352
Harvey,41.31583,-92.92409
Hastings,41.02278,-95.49917
Havelock,42.83608,-94.70054
Haverhill,41.94499,-92.96075
Hawarden,42.99582,-96.48531
Hawkeye,42.93859,-91.95017
Hayesville,41.26446,-92.24907
Hazleton,42.62082,-91.90017
Hedrick,41.17251,-92.30879
Henderson,41.14055,-95.43111
Hepburn,40.84916,-95.0172
Hiawatha,42.03583,-91.68212
Hills,41.55419,-91.53489
Hillsboro,40.8367,-91.71572
Hinton,42.62777,-96.29169
Holland,42.39887,-92.80048
Holstein,42.48915,-95.545
Holy Cross,42.60055,-90.99569
Hopkinton,42.34389,-91.24848
Hornick,42.23055,-96.09752
Hospers,43.07193,-95.90446
Houghton,40.78364,-91.60294
Hubbard,42.30554,-93.30021
Hudson,42.40665,-92.45547
Hull,43.18859,-96.13363
Humboldt,42.77647,-94.20719
Humeston,40.85889,-93.49744
Huxley,41.89527,-93.60077
Ida Grove,42.3326,-95.44489
Imogene,40.87944,-95.42694
Independence,42.4536,-91.94762
Indianola,41.35805,-93.55744
Inwood,43.3072,-96.43198
Ionia,43.03414,-92.45601
Iowa City,41.66113,-91.53017
Iowa Falls,42.52776,-92.44547
Ireton,42.97471,-96.31836
Irwin,41.79165,-95.20583
Jackson Junction,43.11497,-92.03239
Jamaica,41.8461,-94.30969
Janesville,42.64609,-92.46296
Jefferson,41.05307,-91.97878
Jesup,42.47554,-92.06379
Jewell Junction,42.30693,-93.64022
Johnston,41.67304,-93.69772
Joice,43.36273,-93.45382
Jolley,42.47887,-94.71887
Kalona,41.48307,-91.706
Kamrar,42.3922,-93.72938
Kanawha,42.93774,-93.79327
Kellerton,40.71083,-94.04995
Kelley,41.95054,-93.66522
Kellogg,41.71805,-92.90742
Kensett,43.35357,-93.21048
Kent,40.95249,-94.45441
Keokuk,41.33646,-92.17864
Keomah Village,41.28834,-92.53658
Keosauqua,40.73031,-91.96239
Keota,41.3639,-91.95379
Keswick,41.45251,-92.23935
Keystone,41.99833,-92.19741
Kimballton,41.6286,-95.07305
Kingsley,42.58832,-95.96752
Kinross,41.46084,-91.98684
Kirkman,41.7286,-95.26527
Kirkville,41.14557,-92.50408
Kiron,42.19554,-95.32777
Klemme,43.00691,-93.60299
Knierim,42.45553,-94.45692
Knoxville,41.32083,-93.10937
La Motte,42.29585,-90.62096
La Porte City,42.31499,-92.19213
Lacona,41.18972,-93.38299
Ladora,41.75472,-92.18352
Lake City,42.26748,-94.73387
Lake Mills,40.98972,-95.80473
Lake Park,43.45552,-95.32083
Lake View,42.31165,-95.05332
Lakeside,42.62137,-95.17333
Lakota,43.37718,-94.09385
Lambs Grove,41.70305,-93.07937
Lamoni,40.62278,-93.93412
Lamont,42.5986,-91.6421
Lanesboro,42.18443,-94.69137
Lansing,43.3622,-91.21652
Larchwood,43.45359,-96.43421
Larrabee,42.86081,-95.54528
Latimer,42.76331,-93.36826
Laurel,41.88416,-92.92214
Laurens,42.84664,-94.85193
Lawler,43.07053,-92.15017
Lawton,42.4786,-96.18391
Le Claire,41.59864,-90.34346
Le Grand,42.00693,-92.77548
Le Mars,42.79416,-96.16558
Le Roy,42.86087,-92.22126
Ledyard,43.42162,-94.16218
Lehigh,42.35997,-94.05218
Leighton,41.33722,-92.78714
Leland,43.33718,-93.63522
Lenox,40.88165,-94.56191
Leon,40.73972,-93.74772
Lester,43.4447,-96.33309
Letts,41.32836,-91.2371
Lewis,41.30582,-95.08332
Libertyville,40.95752,-92.05129
Lidderdale,42.12443,-94.78304
Lime Springs,43.44886,-92.28073
Lincoln,42.26276,-92.69187
Linden,41.64443,-94.26913
Lineville,40.5814,-93.52383
Linn Grove,42.28999,-91.68239
Lisbon,41.92112,-91.38545
Liscomb,42.18999,-93.00381
Little Rock,43.44414,-95.88335
Little Sioux,41.80943,-96.02112
Littleport,42.75471,-91.3693
Livermore,42.86858,-94.18524
Lockridge,40.99475,-91.74822
Logan,42.99582,-96.48531
Lohrville,42.27026,-94.54859
Lone Rock,43.21857,-94.32691
Lone Tree,41.48808,-91.42599
Long Grove,41.69753,-90.58264
Lorimor,41.12832,-94.05328
Lost Nation,41.96391,-90.81764
Lovilia,41.13584,-92.90409
Low Moor,41.8017,-90.35485
Lowden,41.85752,-90.9282
Lu Verne,42.9083,-94.07385
Luana,43.06026,-91.45403
Lucas,41.02937,-93.32772
Luther,41.96776,-93.81884
Luxemburg,42.60277,-91.07402
Luzerne,41.89805,-92.17991
Lynnville,41.5775,-92.78353
Lytton,42.42304,-94.85971
Macedonia,41.19277,-95.42556
Macksburg,41.21471,-94.18523
Madrid,41.87665,-93.82328
Magnolia,41.69582,-95.87668
Malcom,41.73182,-92.5914
Mallard,42.93636,-94.6822
Maloy,40.67443,-94.41218
Malvern,41.00278,-95.58528
Manchester,42.48415,-91.45543
Manilla,41.88971,-95.23222
Manly,43.28718,-93.20215
Manning,41.90915,-95.06499
Manson,42.52914,-94.53414
Mapleton,42.16582,-95.79306
Maquoketa,42.56611,-90.70846
Marathon,42.86164,-94.98249
Marble Rock,42.96525,-92.86853
Marcus,42.82582,-95.80751
Marengo,41.79806,-92.07074
Marion,41.33445,-93.09944
Marne,41.45138,-95.11138
Marquette,43.04443,-91.17819
Marshalltown,42.04943,-92.90798
Martelle,42.02167,-91.35989
Martensdale,41.37305,-93.73578
Martinsburg,41.1789,-92.25185
Marysville,41.18056,-92.94909
Mason City,43.15357,-93.20104
Masonville,42.47943,-91.59127
Massena,41.25415,-94.76831
Matlock,43.24387,-95.9353
Maurice,42.96638,-96.18058
Maxwell,41.89193,-93.39965
Maynard,42.77387,-91.88239
Maysville,41.64864,-90.71681
McCallsburg,42.16637,-93.38576
McCausland,41.74614,-90.44319
McClelland,41.32944,-95.6839
McGregor,43.01832,-91.18263
McIntire,43.4358,-92.59379
Mechanicsville,41.90446,-91.25461
Mediapolis,41.00809,-91.16404
Melbourne,41.94138,-93.10326
Melcher-Dallas,41.225,-93.24132
Melrose,40.97612,-93.05048
Melvin,43.28747,-95.60918
Menlo,41.51915,-94.40441
Meriden,42.79471,-95.63445
Merrill,42.71971,-96.24864
Meservey,42.91274,-93.47826
Middletown,40.82837,-91.25904
Miles,42.04836,-90.31569
Milford,43.32469,-95.15
Millersburg,41.57334,-92.1599
Millerton,40.84945,-93.30549
Millville,42.69999,-91.0743
Milo,41.29166,-93.44243
Milton,40.67336,-92.16212
Minburn,41.75638,-94.02745
Minden,41.46694,-95.54278
Mingo,41.76749,-93.28354
Missouri Valley,41.55638,-95.88779
Mitchell,43.35641,-92.78903
Mitchellville,41.6686,-93.35771
Modale,41.61971,-96.01196
Mondamin,41.71054,-96.02168
Monmouth,42.07696,-90.87986
Monona,42.05167,-95.95992
Monroe,41.02978,-92.86899
Montezuma,41.58583,-92.52741
Monticello,42.22611,-91.16708
Montour,41.98138,-92.71492
Montrose,40.53226,-91.41488
Moorhead,41.92249,-95.8514
Moorland,42.44164,-94.29497
Moravia,40.89084,-92.8152
Morley,42.00612,-91.24627
Morning Sun,41.09614,-91.25765
Morrison,42.34415,-92.67381
Moulton,40.68585,-92.67741
Mount Auburn,42.25499,-92.09268
Mount Ayr,40.71471,-94.23523
Mount Pleasant,40.9473,-91.51382
Mount Sterling,40.61781,-91.93212
Mount Union,41.05781,-91.39043
Mount Vernon,41.92195,-91.41684
Moville,42.48888,-96.07252
Murray,41.04166,-93.94939
Muscatine,41.36335,-91.14491
Mystic,40.77751,-92.94381
Nashua,42.95275,-92.5363
Nemaha,42.51581,-95.08832
Neola,41.44888,-95.61556
Nevada,42.02277,-93.45243
New Albin,43.49664,-91.28958
New Hampton,43.05914,-92.31768
New Hartford,42.56693,-92.62214
New Liberty,41.7178,-90.87904
New London,40.92698,-91.3996
New Market,40.7311,-94.8997
New Providence,42.2811,-93.17159
New Sharon,41.47,-92.6513
New Vienna,42.54805,-91.1143
New Virginia,41.18222,-93.72883
Newell,42.60553,-95.00277
Newhall,41.99556,-91.96768
Newton,41.69971,-93.04798
Nichols,41.48114,-91.30766
Nodaway,40.93721,-94.89498
Nora Springs,43.14275,-93.00437
North Buena Vista,42.73549,-95.15115
North English,41.5139,-92.07629
North Liberty,41.20472,-93.49882
North Washington,41.33559,-91.71787
Northboro,40.60777,-95.29165
Northwood,43.44412,-93.22104
Norwalk,41.47555,-93.67883
Norway,41.90278,-91.92157
Numa,40.68807,-92.97798
Oakland,41.30916,-95.39667
Oakland Acres,41.71722,-92.82047
Oakville,41.09976,-91.04459
Ocheyedan,43.41608,-95.53473
Odebolt,42.31221,-95.25055
Oelwein,42.67332,-91.9135
Ogden,42.03915,-94.02773
Okoboji,43.38635,-95.14833
Olds,41.13419,-91.54488
Olin,41.99807,-91.14155
Ollie,41.19807,-92.0924
Onawa,42.02665,-96.09724
Onslow,42.10696,-91.01515
Orange City,42.98909,-96.06135
Orchard,43.22747,-92.77214
Orient,41.20304,-94.41468
Orleans,43.38523,-92.02452
Osage,43.28414,-92.81103
Osceola,43.37857,-95.62369
Oskaloosa,41.29639,-92.64436
Ossian,43.14636,-91.7646
Osterdock,42.7336,-91.15791
Otho,42.42469,-94.15024
Oto,42.28388,-95.89307
Ottosen,42.89497,-94.37997
Ottumwa,41.10668,-92.44824
Owasa,42.43359,-93.20715
Oxford,41.72334,-91.79045
Oxford Junction,41.98363,-90.95626
Oyens,42.82027,-96.0578
Pacific Junction,41.01861,-95.79917
Packwood,41.13279,-92.08268
Palmer,42.63053,-94.60053
Palo,43.08206,-94.67814
Panama,41.72638,-95.47222
Panora,41.69165,-94.36302
Panorama Park,41.55559,-90.45319
Parkersburg,42.57748,-92.78686
Parnell,41.58306,-92.00407
Paton,42.16442,-94.25524
Patterson,41.34832,-93.8805
Paullina,42.97915,-95.68807
Pella,41.40805,-92.91631
Peosta,42.45056,-90.85041
Perry,41.82841,-94.15933
Persia,41.57999,-95.56806
Peterson,42.91803,-95.34389
Pierson,42.54416,-95.86751
Pilot Mound,42.16442,-94.01662
Pioneer,41.90446,-91.25461
Pisgah,41.83138,-95.92557
Plainfield,42.84748,-92.53713
Plano,40.75556,-93.04659
Pleasant Hill,41.58388,-93.51994
Pleasant Plain,41.14724,-91.85906
Pleasanton,40.58056,-93.74383
Pleasantville,41.38583,-93.26937
Plover,42.8783,-94.62053
Plymouth,42.77802,-96.19369
Pocahontas,42.73414,-94.67875
Polk City,41.77138,-93.713
Pomeroy ,42.55109,-94.68387
Popejoy,42.59387,-93.42604
Portsmouth,41.65027,-95.51861
Postville,43.0847,-91.5682
Prairie City,41.59943,-93.23521
Prairieburg,42.23833,-91.42238
Prescott,41.02304,-94.61358
Preston,42.0503,-90.41402
Primghar,43.08692,-95.62723
Princeton,41.67475,-90.34041
Promise City,40.74751,-93.14715
Protivin,43.21608,-92.091
Pulaski,40.69697,-92.27324
Quasqueton,42.39443,-91.761
Quimby,42.63026,-95.64195
Radcliffe,42.31526,-93.43438
Rake,43.48384,-93.91884
Ralston,42.04165,-94.63303
Randalia,42.86304,-91.88572
Randall,42.23832,-93.60077
Randolph,40.87305,-95.56639
Rathbun,40.80112,-92.88881
Raymond,42.46888,-92.21963
Readlyn,42.70221,-92.22546
Reasnor,41.57833,-93.02325
Red Oak,41.00972,-95.22555
Redding,40.60471,-94.38774
Redfield,41.58943,-94.19607
Reinbeck,42.3236,-92.59936
Rembrandt,42.82553,-95.16638
Remsen,42.81471,-95.97335
Renwick,42.82803,-93.98106
Rhodes,41.92554,-93.18631
Riceville,43.36386,-92.55407
Richland,41.10668,-92.44824
Rickardsville,42.58333,-90.88402
Ricketts,42.12693,-95.575
Ridgeway,43.29775,-91.98766
Rinard,42.3397,-94.48858
Ringsted,43.29468,-94.51164
Rippey,41.93387,-94.20135
Riverdale,42.95158,-94.26616
Riverside,41.47974,-91.58128
Riverton,40.68695,-95.5686
Robins,42.07111,-91.66684
Rock Falls,43.20747,-93.08465
Rock Rapids,43.42719,-96.17586
Rock Valley,43.20526,-96.29503
Rockford,43.05219,-92.94853
Rockwell,42.98524,-93.19187
Rockwell City,42.39526,-94.63387
Rodman,43.02659,-94.52718
Rodney,42.20555,-95.95251
Roland,42.16637,-93.50188
Rolfe,42.81275,-94.52692
Rome,40.98141,-91.68239
Rose Hill,41.32195,-92.46213
Rossie,43.01331,-95.18861
Rowan,42.74081,-93.55271
Rowley,42.36999,-91.84406
Royal,43.06553,-95.28389
Rudd,43.12608,-92.90575
Runnells,41.5111,-93.35743
Russell,40.98195,-93.19854
Ruthven,43.12913,-94.89915
Rutland,42.75914,-94.29774
Ryan,42.35138,-91.48155
Sabula,42.07113,-90.17402
Sac City,42.4222,-94.98971
Sageville,42.55278,-90.70902
Salem,31.76904,35.21633
Salix,42.30833,-96.2878
Sanborn,43.18164,-95.65557
Sandyville,41.37083,-93.38632
Scarville,43.47051,-93.61772
Schaller,42.4997,-95.29305
Schleswig,42.16527,-95.43694
Scranton,42.02248,-94.54525
Searsboro,41.58055,-92.70352
Sergeant Bluff,42.40388,-96.35864
Seymour,40.68251,-93.12104
Shambaugh,40.65888,-95.03192
Shannon City,40.90166,-94.26329
Sharpsburg,40.80249,-94.64247
Sheffield,42.8933,-93.2152
Shelby,41.68509,-95.31021
Sheldahl,41.86443,-93.69717
Sheldon,43.18109,-95.85613
Shell Rock,42.71026,-92.58297
Shellsburg,42.09444,-91.86935
Shenandoah,40.76555,-95.37221
Sherrill,42.60389,-90.78457
Shueyville,41.85056,-91.64656
Sibley,43.39914,-95.75196
Sidney,40.74833,-95.6475
Sigourney,41.33334,-92.20463
Silver City,41.11333,-95.63723
Sioux Center,43.07971,-96.17558
Sioux City,42.49999,-96.40031
Sioux Rapids,42.89331,-95.15111
Slater,41.87776,-93.67855
Sloan,42.23277,-96.22808
Smithland,42.22916,-95.93084
Soldier,41.98527,-95.77945
Solon,41.80723,-91.49406
Somers,42.37831,-94.42997
South English,41.45223,-92.09046
Spencer,43.16441,-95.20194
Spillville,43.20497,-91.951
Spirit Lake,43.42218,-95.10222
Spragueville,42.07252,-90.43513
Spring Hill,41.41138,-93.64494
Springbrook,42.16419,-90.47652
Springville,42.05945,-91.44267
St. Ansgar,43.3783,-92.91881
St. Anthony,42.12221,-93.19493
St. Charles,43.07247,-92.61074
St. Donatus,42.3623,-90.542
St. Lucas,43.06669,-91.93418
St. Marys,41.26194,-95.86083
St. Olaf,42.9269,-91.38789
St. Paul,40.76783,-91.51643
Stacyville,43.43608,-92.78241
Stanhope,42.28887,-93.79606
Stanley,42.64276,-91.81267
Stanton,40.98166,-95.10415
Stanwood,41.89307,-91.15071
State Center,41.05307,-91.97878
Steamboat Rock,42.40943,-93.06576
Stockport,40.85753,-91.83517
Stockton,41.59142,-90.85876
Storm Lake,42.64109,-95.20972
Story City,42.18721,-93.59577
Stout,42.52637,-92.71186
Stratford,42.27137,-93.92717
Strawberry Point,42.6836,-91.53403
Struble,42.89527,-96.1953
Stuart,41.50332,-94.31857
Sully,41.57382,-92.84205
Sumner,42.84748,-92.09156
Superior,43.43024,-94.94638
Sutherland,42.97414,-95.49751
Swaledale,42.97858,-93.31687
Swan,41.46527,-93.31132
Swea City,43.3844,-94.31497
Swisher,41.84556,-91.69295
Tabor,40.89833,-95.67139
Tama,42.07981,-92.53254
Templeton,41.91832,-94.94277
Tennant,41.5936,-95.44111
Terril,43.30579,-94.97166
Thayer,41.02805,-94.05078
Thompson,43.37134,-93.77356
Thor,42.68803,-94.0494
Thornburg,41.45473,-92.33574
Thornton,42.94469,-93.38465
Thurman,40.82,-95.74778
Tiffin,41.70585,-91.66295
Tingley,40.85277,-94.19523
Tipton,41.76974,-91.12793
Titonka,43.23691,-94.04134
Toledo,41.99555,-92.57686
Toronto,41.90502,-90.86403
Traer,42.1936,-92.46547
Treynor,41.2325,-95.61306
Tripoli,42.80804,-92.25823
Truesdale,42.72915,-95.18277
Truro,41.20972,-93.84661
Turin,42.01943,-95.9664
Udell,40.78085,-92.74214
Underwood,41.38694,-95.67667
Union,41.02138,-94.36329
Unionville,40.81835,-92.69547
University Heights,41.65502,-91.55684
University Park,41.28695,-92.61853
Urbana,42.22416,-91.87434
Urbandale,41.62666,-93.71217
Ute,42.05027,-95.70639
Vail,42.06193,-95.19999
Valeria,41.72999,-93.32521
Van Horne,42.00861,-92.09102
Van Meter,41.53193,-93.95412
Van Wert,40.86972,-93.793
Varina,42.65803,-94.89776
Ventura,43.12635,-93.47771
Victor,41.73167,-92.29796
Villisca,40.92971,-94.97609
Vincent,42.59191,-94.02023
Vining,41.98999,-92.37991
Vinton,42.16861,-92.02351
Volga,42.80471,-91.54098
Wadena,42.84276,-91.65682
Wahpeton,43.36608,-95.17194
Walcott,41.58475,-90.77209
Walford,41.87834,-91.83462
Walker,42.28666,-91.78073
Wall Lake,42.61898,-93.65105
Wallingford,43.31968,-94.79276
Walnut,41.57721,-93.71133
Wapello,41.03058,-92.40945
Washington,41.33559,-91.71787
Washta,42.57554,-95.71751
Waterloo,42.49276,-92.34296
Waterville,43.20776,-91.29763
Waucoma,43.05609,-92.03323
Waukee,41.61166,-93.88523
Waukon,43.26942,-91.4757
Waverly,42.72581,-92.47546
Wayland,41.14724,-91.66072
Webb,42.94858,-95.01193
Webster,42.42797,-94.18179
Webster City,42.49747,-94.16802
Weldon,41.13,-92.89992
Wellman,41.46418,-91.83823
Wellsburg,42.45915,-92.93853
Welton,41.90808,-90.59541
Wesley,43.0883,-93.99023
West Bend,42.95691,-94.44108
West Branch,41.67141,-91.34655
West Burlington,40.82504,-91.15654
West Chester,41.3389,-91.81767
West Des Moines,41.57721,-93.71133
West Liberty,41.57002,-91.26377
West Okoboji,43.38441,-95.15944
West Point,40.7167,-91.45015
West Union,42.96276,-91.80822
Westfield,42.75555,-96.60587
Westgate,42.76998,-91.99628
Westphalia,41.71971,-95.39472
Westside,42.05915,-95.09805
Westwood,40.96558,-91.62377
What Cheer,41.4014,-92.35463
Wheatland,41.83169,-90.8382
Whiting,42.12749,-96.14946
Whittemore,43.06191,-94.42692
Whitten,42.26082,-93.00548
Willey,41.97915,-94.82221
Williams,42.48831,-93.54493
Williamsburg,41.66112,-92.00907
Williamson,41.08778,-93.25493
Wilton,41.58892,-91.01682
Windsor Heights,41.59777,-93.70828
Winfield,41.12308,-91.44127
Winterset,41.36437,-94.02409
Winthrop,42.47332,-91.73433
Wiota,41.40027,-94.88693
Woden,43.23302,-93.90912
Woodbine,41.73832,-95.70278
Woodburn,41.01194,-93.5991
Woodward,41.85693,-93.9219
Woolstock,42.56664,-93.84383
Worthington,42.39639,-91.11986
Wyoming,42.05918,-91.00737
Yale,41.77665,-94.35802
Yetter,42.31609,-94.8461
Yorktown,40.73333,-95.15693
Zearing,42.1611,-93.29715
Zwingle,42.29779,-90.68763
