Area,2000,1990,1980,1970,1960,1950,1940,1930,1920,1910,1900,1890,1880,1870,1860,1850
Ackley,1809,1696,1900,1794,1731,1608,1586,1524,1529,1244,1445,1286,1517,---,---,---
Ackworth,85,66,83,111,77,95,67,82,95,119,134,---,---,---,---,---
Adair,839,894,894,883,750,742,827,874,950,952,900,879,722,306,---,---
Adel,3435,3304,2846,2419,2060,1799,1740,1669,1455,1289,1213,995,989,711,466,---
Afton,917,953,985,823,773,936,987,1013,926,1014,1178,1045,1231,961,---,---
Agency,622,616,657,610,702,524,452,371,429,322,408,442,566,630,---,---
Ainsworth,524,506,547,455,371,396,415,359,391,408,404,---,---,---,---,---
Akron,1489,1450,1517,1324,1351,1251,1314,1304,1324,1130,1029,494,---,---,---,---
Albert City,709,779,818,683,722,736,759,563,567,261,---,---,---,---,---,---
Albia,3706,3870,4184,4151,4582,4838,5157,4425,5067,4969,2889,2359,2435,1621,620,---
Albion,592,585,739,772,588,492,476,436,392,457,440,384,495,475,---,---
Alburnett,559,459,411,418,341,254,208,199,201,---,---,---,---,---,---,---
Alden,904,855,953,876,838,829,682,793,840,699,709,512,495,---,---,---
Alexander,165,170,190,249,294,278,324,334,315,262,---,---,---,---,---,---
Algona,5741,6015,6289,6032,5702,5415,4954,3985,3724,2908,2911,2068,1359,860,---,---
Alleman,439,340,307,---,---,---,---,---,---,---,---,---,---,---,---,---
Allerton,559,599,670,643,692,761,782,784,954,862,950,807,888,---,---,---
Allison,1006,1000,1132,1071,952,771,708,603,520,495,463,---,---,---,---,---
Alta,1865,1820,1720,1717,1393,1348,1269,1297,1290,959,861,768,423,---,---,---
Alta Vista,286,246,314,283,276,312,333,293,355,356,179,---,---,---,---,---
Alton,1095,1063,986,1018,1048,1038,1025,1014,1007,1046,1009,708,---,---,---,---
Altoona,10345,7242,5764,2883,1458,763,640,514,502,438,328,326,400,---,---,---
Alvord,187,204,246,204,238,263,306,313,359,283,249,---,---,---,---,---
Ames,50731,47198,45775,39505,27003,22898,12555,10261,6270,4223,2422,1276,1153,636,---,---
Anamosa,5494,5100,4958,4389,4616,3910,4069,3579,2881,2983,2891,2078,2083,2083,889,---
Andover,87,99,107,90,91,80,72,76,83,51,---,---,---,---,---,---
Andrew,460,319,349,335,349,280,263,212,289,307,273,307,288,352,---,168
Anita,1049,1068,1153,1101,1233,1112,1088,1106,1236,1118,968,695,479,---,---,---
Ankeny,27117,18482,15429,9151,2964,1229,779,632,648,445,---,---,---,---,---,---
Anthon,649,638,687,711,681,770,881,826,783,635,437,---,---,---,---,---
Aplington,1054,1034,1027,936,840,702,588,622,598,448,427,427,---,---,---,---
Arcadia,443,485,454,414,437,425,410,391,375,390,405,463,426,---,---,---
Archer,126,145,134,134,209,167,178,150,184,351,---,---,---,---,---,---
Aredale,89,88,88,126,153,204,225,204,---,---,---,---,---,---,---,---
Arion,136,148,207,199,201,220,271,269,242,168,192,---,---,---,---,---
Arispe,89,92,89,93,125,110,149,133,156,155,---,---,---,---,---,---
Arlington,490,465,498,481,614,661,675,706,729,678,863,593,417,---,---,---
Armstrong,979,1025,1153,1061,958,943,937,767,818,586,907,---,---,---,---,---
Arnolds Park,1162,953,1051,970,953,1078,855,597,478,273,251,---,---,---,---,---
Arthur,245,272,288,273,265,243,254,249,290,215,162,---,---,---,---,---
Asbury,2450,2013,2017,410,71,52,27,---,---,---,---,---,---,---,---,---
Ashton,461,462,441,483,615,588,620,568,610,518,513,309,---,---,---,---
Aspinwall,58,52,65,81,95,107,88,107,125,---,---,---,---,---,---,---
Atalissa,283,357,360,244,212,204,181,187,198,220,---,---,---,---,---,---
Athelstan,18,31,45,65,75,115,143,141,150,148,255,---,---,---,---,---
Atkins,977,637,678,581,527,387,330,314,202,---,---,---,---,---,---,---
Atlantic,7257,7432,7789,7306,6890,6480,5802,5585,5329,4560,5046,4351,3662,1200,---,---
Auburn,296,283,320,329,367,350,383,359,406,399,293,174,---,---,---,---
Audubon,2382,2524,2841,2907,2928,2808,2409,2255,2108,1928,1866,1310,792,---,---,---
Aurelia,1062,1034,1143,1065,904,807,752,723,708,625,621,663,225,---,---,---
Aurora,194,196,248,229,223,225,276,281,284,287,331,---,---,---,---,---
Avoca,1610,1497,1650,1535,1540,1595,1598,1673,1482,1520,1627,---,1600,---,---,---
Ayrshire,202,195,243,243,298,334,391,343,361,337,329,---,---,---,---,---
Badger,610,569,653,465,340,301,251,254,244,212,240,---,---,---,---,---
Bagley,354,303,370,365,406,392,427,477,505,488,355,---,---,---,---,---
Baldwin,127,137,198,172,228,208,210,224,232,229,254,227,322,---,---,---
Balltown,73,74,106,79,43,49,56,---,---,---,---,---,---,---,---,---
Bancroft,808,857,1082,1103,1000,901,959,854,902,830,839,657,---,---,---,---
Bankston,27,35,40,28,36,40,29,---,---,---,---,---,---,---,---,---
Barnes City,201,221,266,238,273,326,414,375,473,307,274,---,---,---,---,---
Barnum,195,174,198,147,154,193,184,148,137,154,175,---,---,---,---,---
Bassett,74,74,128,152,130,125,147,149,135,130,149,---,---,---,---,---
Batavia,500,520,525,525,533,524,474,478,560,560,533,307,328,310,---,---
Battle Creek,743,818,919,837,786,873,827,804,785,527,542,387,205,---,---,---
Baxter,1052,938,951,788,681,618,623,569,571,527,427,---,---,---,---,---
Bayard,536,511,637,628,597,634,703,681,727,539,494,348,---,---,---,---
Beacon,518,509,530,338,718,371,382,350,381,623,953,570,727,---,---,---
Beaconsfield,11,27,39,48,71,104,148,201,170,148,177,---,---,---,---,---
Beaman,210,183,219,222,247,191,167,183,214,220,266,262,201,---,---,---
Beaver,53,46,85,113,115,114,126,111,132,---,---,---,---,---,---,---
Bedford,1620,1528,1692,1733,1807,2000,2151,2100,2073,1883,1977,1643,1763,720,---,---
Belle Plaine,2878,2834,2903,2810,2923,3056,3202,3239,3887,3121,3283,2623,1689,1488,---,---
Bellevue,2350,2239,2450,2336,2181,1932,1771,1717,1663,1776,1607,1394,1581,1353,929,362
Belmond,2560,2500,2505,2358,2506,2169,2109,1733,1797,1224,1234,803,---,---,---,---
Bennett,395,395,458,385,374,357,352,305,362,243,238,---,---,---,---,---
Benton,40,39,33,46,84,128,189,173,246,191,192,---,---,---,---,---
Berkley,24,39,49,56,58,71,105,82,68,---,---,---,---,---,---,---
Bernard,97,123,130,148,173,149,111,123,105,95,113,---,---,---,---,---
Bertram,681,201,216,177,170,128,90,102,96,---,---,---,---,---,---,---
Bettendorf,31275,28139,27381,22126,11534,5132,3143,2768,2178,909,---,---,---,---,---,---
Bevington,58,67,60,54,55,48,35,50,71,---,---,---,---,---,---,---
Birmingham,423,386,410,452,441,643,498,507,539,572,622,545,515,626,---,231
Blairsburg,235,269,288,287,287,257,276,274,272,241,---,---,---,---,---,---
Blairstown,682,672,695,612,583,523,525,488,540,532,592,583,652,682,---,---
Blakesburg,374,333,404,403,401,401,442,397,380,344,---,---,---,236,265,---
Blanchard,61,67,101,139,174,214,259,347,429,408,520,432,321,---,---,---
Blencoe,231,250,247,255,286,328,367,333,317,283,279,---,---,---,---,---
Blockton,192,213,280,273,343,407,488,537,524,648,704,---,---,---,---,---
Bloomfield,2601,2580,2849,2718,2771,268,2732,2226,2064,2028,2105,1913,1531,1553,---,287
Blue Grass,1169,1214,1377,1032,568,337,287,246,205,223,---,---,---,---,---,---
Bode,327,335,406,372,430,492,533,507,513,419,409,---,---,---,---,---
Bonaparte,458,465,489,517,574,642,653,678,656,597,898,762,689,---,---,---
Bondurant,1846,1584,1283,462,389,328,320,289,274,287,297,---,---,---,---,---
Boone,12803,12392,12602,12468,12468,12164,12373,11886,12451,10347,8880,6520,3330,---,---,---
Bouton,136,149,139,160,145,159,162,141,187,---,---,---,---,---,---,---
Boxholm,215,214,267,242,250,304,285,280,296,---,---,---,---,---,---,---
Boyden,672,651,708,670,562,541,487,446,419,364,336,277,---,---,---,---
Braddyville,176,219,199,207,176,249,242,267,294,283,236,175,214,---,---,---
Bradgate,101,124,151,130,166,188,261,223,230,175,223,---,---,---,---,---
Brandon,311,320,337,432,322,319,324,308,343,200,---,---,---,---,---,---
Brayton,145,148,170,151,225,239,217,236,244,137,141,124,38,---,---,---
Breda,477,467,502,518,543,506,532,481,419,374,395,256,109,---,---,---
Bridgewater,178,209,233,188,225,296,302,327,343,365,---,---,---,---,---,---
Brighton,687,684,804,632,724,705,791,800,1014,776,807,861,836,785,---,---
Bristow,202,197,252,230,268,313,318,293,299,291,317,257,198,---,---,---
Britt,2052,2133,2185,2069,2042,1908,1813,1593,1619,1303,1540,818,345,---,---,---
Bronson,269,209,289,193,---,---,---,---,---,---,---,---,---,---,---,---
Brooklyn,1367,1439,1509,1410,1415,1323,1408,1345,1533,1233,1188,1202,1234,971,184,---
Brunsville,146,137,140,125,128,112,109,134,111,---,---,---,---,---,---,---
Buck Grove,49,105,154,143,190,192,194,219,188,140,---,---,---,---,---,---
Buckeye,110,55,84,41,40,67,80,86,91,87,---,---,---,---,---,---
Buffalo,1321,1250,1567,1513,1088,695,588,547,487,456,372,379,400,368,---,---
Buffalo Center,963,1081,1233,1118,1140,1087,911,768,894,753,875,---,---,---,---,---
Burlington,26839,27208,29529,32366,32430,30613,25832,26755,24057,24324,23201,22565,19450,14930,6706,4082
Burt,556,575,689,608,620,572,613,580,626,495,504,---,---,---,---,---
Bussey,450,494,579,498,557,633,632,546,585,669,550,---,---,---,---,---
Calamus,394,379,452,396,435,381,384,374,399,270,287,216,163,---,---,---
Callender,424,384,446,421,358,387,377,349,376,321,399,---,---,---,---,---
Calmar,1058,1026,1053,1008,954,937,903,915,1039,849,1003,813,617,---,---,---
Calumet,181,160,212,219,225,250,274,249,266,242,113,---,---,---,---,---
Camanche,4215,4436,4725,3470,2225,1212,814,728,610,629,713,753,762,840,---,---
Cambridge,819,714,732,661,587,573,608,639,739,696,667,432,223,200,---,---
Cantril,257,271,299,258,299,353,376,370,440,445,356,356,252,---,---,---
Carbon,28,60,110,135,162,282,383,266,254,246,---,---,---,---,---,---
Carlisle,3497,3241,3073,2246,1317,903,690,663,640,592,553,---,395,200,138,---
Carpenter,130,102,109,122,177,165,156,110,144,121,---,116,131,---,---,---
Carroll,10106,9579,9705,8716,7682,6231,5389,4691,4254,3546,2882,2448,1385,384,---,---
Carson,668,705,716,756,583,596,613,617,692,640,632,391,---,---,---,---
Carter Lake,3248,3200,3438,3268,2287,1183,846,---,---,---,---,---,---,---,---,---
Cascade,1958,1812,1912,1744,1601,1299,1376,1221,1249,1268,1266,955,762,---,---,---
Casey,478,441,473,561,589,703,709,785,908,735,568,452,473,---,---,---
Castalia,175,177,188,210,216,221,239,200,272,230,---,---,---,---,---,---
Castana,178,159,228,211,230,265,336,334,389,364,355,---,---,---,---,---
Cedar Falls,36145,34298,36322,29597,21195,14334,9349,7362,6316,5012,5319,3459,3020,3070,---,---
Cedar Rapids,120758,108772,110243,110642,92035,72296,62120,56097,45566,32811,25656,18020,10104,5940,1830,---
Center Junction,131,166,182,172,201,153,204,198,225,199,255,210,190,---,---,---
Center Point,2007,1693,1591,1456,1236,987,861,812,773,802,674,615,603,443,---,---
Centerville,5924,5936,6558,6531,6629,7625,8413,8147,8486,6936,5256,3668,2475,1037,820,---
Central City,1157,1063,1067,1116,1087,965,810,780,688,558,623,467,---,---,---,---
Centralia,101,123,106,105,85,78,57,---,267,---,---,---,---,---,---,---
Chariton,4573,4616,5116,5009,5042,5320,5754,5365,5175,3794,3989,3122,2977,1728,641,---
Charles City,7812,7878,8778,9268,9964,10309,8681,8039,7350,5892,4227,2802,2421,2166,---,---
Charlotte,421,359,442,444,417,427,393,407,464,356,---,231,294,---,---,---
Charter Oak,530,497,615,715,665,710,776,688,750,734,772,567,---,---,---,---
Chatsworth,89,103,110,90,84,102,144,159,150,131,---,---,---,---,---,---
Chelsea,287,336,376,381,453,482,540,575,557,507,419,318,263,---,---,---
Cherokee,5369,6026,7004,7272,7724,7705,7469,6443,5824,4884,3865,3441,1523,438,---,---
Chester,151,158,175,185,211,226,234,238,237,266,---,---,---,---,---,---
Chillicothe,90,119,131,126,148,196,173,156,146,181,216,214,234,211,---,---
Churdan,418,423,540,598,586,593,677,616,763,667,626,377,---,---,---,---
Cincinnati,428,363,598,570,583,703,859,911,1301,1355,1212,432,189,---,---,---
Clare,190,183,229,249,245,179,232,254,259,299,374,---,---,---,---,---
Clarence,1008,936,1001,915,859,791,685,659,693,662,675,629,607,726,---,---
Clarinda,5690,5104,5458,5420,5901,5086,4905,4962,4511,3832,3276,3262,2011,1022,427,---
Clarion,2968,2703,3060,2972,3232,3150,2971,2578,2826,2065,1475,744,147,37,---,---
Clarksville,1441,1382,1424,1360,1328,1210,1240,1143,1003,895,849,735,818,---,---,---
Clayton,55,41,68,113,130,136,161,162,170,145,---,---,---,---,---,---
Clear Lake,8161,8183,7458,6430,6158,4977,3764,3066,2804,2014,1706,1130,1095,775,---,---
Clearfield,371,417,433,430,504,547,615,607,665,625,698,452,---,---,---,---
Cleghorn,250,275,275,274,228,246,236,238,232,186,---,---,---,---,---,---
Clemons,148,173,175,178,198,202,207,241,216,213,---,---,---,---,---,---
Clermont,716,523,602,582,570,625,626,631,681,510,513,488,553,---,---,---
Clinton,27772,29201,32828,34719,33589,30379,26270,25726,24151,25577,22698,13619,9052,6129,---,---
Clio,91,103,106,113,120,162,200,229,299,178,218,---,---,---,---,---
Clive,12855,7462,6064,3005,752,---,---,---,---,---,---,---,---,---,---,---
Clutier,229,219,249,275,292,302,354,350,299,186,---,---,---,---,---,---
Coburg,31,58,52,36,54,83,162,200,170,177,164,60,83,---,---,---
Coggon,745,645,639,656,672,604,512,503,553,471,498,---,---,---,---,---
Coin,252,278,316,294,346,407,457,536,603,591,574,---,---,---,---,---
Colesburg,412,439,463,379,365,326,306,340,337,271,274,---,---,---,---,---
Colfax,2223,2462,2234,2293,2331,2279,2222,2213,2504,2524,2053,957,620,---,---,---
College Springs,246,230,307,295,290,368,430,484,495,626,693,491,531,---,---,---
Collins,499,455,451,404,435,432,516,489,570,521,540,---,---,---,---,---
Colo,868,771,808,606,574,538,539,532,507,463,391,261,296,226,---,---
Columbus City,376,328,367,312,327,350,326,263,346,375,388,459,605,---,---,---
Columbus Junction,1900,1616,1429,1205,1016,1123,975,867,988,1185,1099,953,793,850,519,---
Colwell,76,94,91,100,119,122,93,87,---,---,---,---,---,---,---,---
Conesville,424,334,301,295,248,252,302,254,307,347,---,---,244,---,---,---
Conrad,1055,964,1133,932,799,649,591,536,560,549,483,157,---,---,---,---
Conway,63,57,93,91,82,168,246,266,253,283,348,379,423,---,---,---
Coon Rapids,1305,1266,1448,1381,1560,1676,1533,1303,1328,1084,1017,873,54,---,---,---
Coppock,57,50,47,58,61,81,93,93,104,105,---,---,---,---,---,---
Coralville,15123,10347,7687,6130,2357,977,433,254,150,151,125,173,347,---,---,---
Corning,1783,1806,1939,2095,2041,2104,2162,2026,1840,1702,2145,1682,1526,---,---,---
Correctionville,851,897,935,870,912,992,1151,1058,1016,893,935,869,86,---,---,---
Corwith,350,354,480,438,488,480,481,481,635,455,651,347,---,---,---,---
Corydon,1591,1675,1818,1745,1687,1870,1872,1768,1867,1669,1477,962,801,618,254,---
Cotter,48,53,60,55,52,49,72,118,100,---,---,---,---,---,---,---
Coulter city,262,252,264,262,315,271,236,266,277,198,---,---,---,---,---,---
Council Bluffs,58268,54315,56449,60348,55641,45429,41439,42048,36162,29292,25802,21474,18063,10020,2011,---
Craig,102,116,105,98,117,142,165,155,156,---,---,---,---,---,---,---
Crawfordsville,295,265,290,288,317,286,316,291,337,322,268,---,---,249,---,---
Crescent,537,469,547,284,296,---,---,---,---,---,---,---,---,---,---,---
Cresco,3905,3669,3860,3927,3809,3638,3530,3069,3195,2658,2806,2018,1875,912,---,---
Creston,7597,7911,8429,8234,7667,8317,8033,8615,8034,6924,7752,7200,5081,411,---,---
Cromwell,120,120,157,168,138,147,165,173,143,208,208,---,---,166,---,---
Crystal Lake,285,266,314,276,267,286,301,271,191,143,246,---,---,---,---,---
Cumberland,281,295,351,385,425,493,578,595,561,552,591,---,---,---,---,---
Cumming,162,132,151,189,148,131,139,149,---,---,---,---,---,---,---,---
Curlew,62,56,85,95,134,151,183,178,204,161,---,---,---,---,---,---
Cushing,246,241,270,204,261,248,258,270,286,254,237,---,---,---,---,---
Cylinder,110,112,119,133,161,143,175,157,174,129,118,---,---,---,---,---
Dakota City,911,1024,1072,746,706,637,537,448,439,391,362,353,248,162,---,---
Dallas Center,1595,1454,1360,1128,1083,944,865,852,864,769,625,445,450,133,---,---
Dana,84,71,110,118,123,184,153,195,163,183,---,---,---,---,---,---
Danbury,384,430,492,527,510,601,728,656,677,558,480,423,69,---,---,---
Danville,914,926,994,948,579,450,309,327,289,263,---,---,---,---,---,---
Davenport,98359,95333,103264,98469,88981,74549,66039,60751,56727,43028,35254,26872,21831,20038,11267,1848
Davis City,275,257,327,301,346,432,556,548,476,489,617,594,348,---,---,---
Dawson,155,174,229,232,257,286,289,262,300,275,---,---,---,---,---,---
Dayton,884,818,941,909,820,793,732,713,836,717,753,669,239,---,---,---
De Soto,1009,1033,1035,369,273,280,274,319,261,356,345,328,347,---,---,---
De Witt,5049,4514,4512,3647,3224,2644,2205,2041,1849,1634,1383,1359,1608,1749,---,---
Decatur City,199,177,199,198,203,196,275,282,300,311,367,215,235,---,---,---
Decorah,8172,8063,8068,7237,6435,6060,5303,4581,4039,3592,3246,2801,2951,2110,1920,---
Dedham,280,264,321,325,322,360,392,327,360,355,374,273,---,---,---,---
Deep River,288,345,323,323,329,379,443,392,487,467,403,291,---,---,---,---
Defiance,346,312,383,392,386,368,428,411,389,411,387,323,---,---,---,---
Delaware,188,176,170,153,167,192,198,165,194,---,---,---,---,---,---,---
Delhi,458,485,511,527,464,383,421,399,390,375,---,---,---,413,---,---
Delmar,514,517,633,599,556,415,434,480,527,548,592,518,410,---,---,---
Deloit,288,296,345,279,222,235,281,280,260,208,---,---,---,103,---,---
Delphos,25,23,45,35,48,74,90,79,---,---,---,---,---,---,---,---
Delta,410,409,482,475,514,562,602,588,688,728,691,409,416,---,---,---
Denison,7339,6604,6675,6218,4930,4554,4361,3905,3581,3133,2771,1782,1441,326,---,---
Denver,1627,1600,1647,1169,831,635,556,500,462,224,102,---,---,---,---,---
Derby,131,135,171,161,151,194,269,280,334,326,---,---,---,---,---,---
Des Moines,198682,193189,191003,201404,208982,177965,159819,142559,126468,86368,62139,50093,22408,12035,3965,502
Dexter,689,628,678,652,670,643,760,748,790,767,795,607,704,---,---,---
Diagonal,312,298,362,327,443,472,603,577,569,509,383,---,---,---,---,---
Dickens,202,214,289,240,241,311,378,333,337,255,---,---,---,---,---,---
Dike,944,875,987,794,630,517,408,417,453,286,---,---,---,---,---,---
Dixon,276,228,312,276,280,208,226,193,197,198,---,---,---,---,---,---
Dolliver,77,103,125,95,122,130,179,158,171,107,---,---,---,---,---,---
Donahue,293,316,289,216,133,105,89,98,101,64,---,---,---,---,---,---
Donnellson,963,940,972,798,709,589,515,581,456,337,270,---,---,---,---,---
Doon,533,476,537,437,436,517,576,576,576,581,545,---,---,---,---,---
Dougherty,80,107,128,133,177,212,215,215,200,171,---,---,---,---,---,---
Dow City,503,439,616,571,531,524,642,588,572,462,462,451,291,---,---,---
Dows,675,660,771,777,882,948,945,926,1145,892,818,---,---,---,---,---
Drakesville,185,172,212,163,197,222,252,190,261,249,238,303,300,207,---,108
Dubuque,57686,57538,62374,62309,56606,49671,43892,41679,39141,38494,36297,30311,22254,18434,13000,3108
Dumont,676,705,815,724,719,718,762,698,609,550,433,---,---,---,---,---
Duncombe,474,488,504,418,355,378,341,354,442,418,350,---,---,---,---,---
Dundee,179,174,164,166,185,176,193,190,195,---,---,---,---,---,---,---
Dunkerton,749,746,718,563,507,409,360,327,295,276,217,---,---,---,---,---
Dunlap,1139,1251,1374,1292,1254,1409,1550,1522,1455,1155,1355,1088,1246,---,---,---
Durango,24,34,41,55,37,71,42,---,37,---,---,---,---,---,---,---
Durant,1677,1549,1583,1472,1266,1075,810,733,775,720,560,505,475,373,127,---
Dyersville,4035,3696,3825,3437,2818,2416,2138,2046,1933,1511,1323,1272,975,---,---,---
Dysart,1303,1230,1355,1251,1197,1089,986,971,955,906,902,775,516,---,---,---
Eagle Grove,3712,3671,4324,4489,4381,4176,4024,4071,4433,3387,3557,1881,---,---,---,---
Earlham,1298,1157,1140,974,788,771,865,897,803,749,630,302,260,222,---,---
Earling,471,466,520,573,431,341,320,358,321,323,340,---,---,---,---,---
Earlville,900,822,844,751,668,661,687,615,619,552,618,569,4500,---,---,---
Early,605,649,670,727,824,742,644,632,568,500,579,277,---,---,---,---
East Peru,153,132,124,184,173,204,267,304,253,371,252,---,---,---,---,---
Eddyville,1064,1036,1116,945,1014,941,984,888,961,1085,1230,815,909,1212,912,---
Edgewood,923,842,900,786,767,696,716,638,617,555,565,---,---,---,---,---
Elberon,245,203,194,203,211,225,256,254,349,336,344,---,---,---,---,---
Eldon,998,1070,1255,1319,1386,1457,1676,1788,2091,2024,1850,1725,729,---,---,---
Eldora,3035,3038,3063,3223,3225,3107,3553,3200,3189,1995,2233,1577,1584,1268,---,---
Eldridge,4159,3378,3279,1535,583,376,283,245,234,217,207,---,---,---,---,---
Elgin,676,637,702,613,644,642,638,610,623,564,635,369,428,---,---,---
Elk Horn,649,672,746,667,679,566,486,513,589,---,---,---,---,---,---,---
Elk Run Heights,1052,1088,1186,1175,1124,---,---,---,---,---,---,---,---,---,---,---
Elkader,1465,1510,1688,1592,1526,1584,1556,1382,1223,1181,1321,745,851,697,440,---
Elkhart,362,388,256,269,260,222,215,218,196,132,---,---,---,---,---,---
Elkport,88,82,98,87,100,99,130,116,202,210,326,---,---,---,---,---
Elliott,402,399,493,423,459,482,548,556,586,528,516,317,177,---,---,---
Ellston,57,44,60,76,116,158,195,212,212,205,242,---,---,---,---,---
Ellsworth,531,451,480,443,493,439,444,405,512,406,319,---,---,---,---,---
Elma,598,653,714,601,706,731,790,771,874,807,976,---,---,---,---,---
Ely,1149,517,425,275,226,155,170,172,174,161,---,---,---,---,---,---
Emerson,480,476,502,484,521,556,498,512,475,478,502,404,456,---,---,---
Emmetsburg,3958,3940,4621,4150,3887,3760,3374,2865,2762,2325,2361,1584,879,44,---,---
Epworth,1428,1303,1380,1132,698,536,454,464,468,520,549,348,---,---,---,---
Essex,884,916,1001,770,767,763,762,806,727,776,710,564,617,---,---,---
Estherville,6656,6720,7518,8108,7927,6719,5651,4940,4699,3404,3237,1475,138,---,---,---
Evansdale,4526,4638,4798,5038,5738,3571,---,---,---,---,---,---,---,---,---,---
Everly,647,706,796,699,668,547,523,482,480,392,---,---,---,---,---,---
Exira,810,955,978,966,1111,1129,1046,937,840,787,851,575,604,161,83,---
Exline,191,187,217,224,223,342,481,437,755,660,---,76,34,---,---,---
Fairbank,1041,1018,980,810,650,653,631,629,657,618,644,448,223,---,---,---
Fairfax,889,780,683,635,528,335,262,---,---,---,---,---,---,---,---,---
Fairfield,9509,9768,9428,8715,8054,7299,6773,6619,5948,4970,4689,3391,3086,2226,1692,909
Farley,1334,1348,1287,1096,920,745,739,657,651,676,513,582,471,---,---,---
Farmersburg,300,291,276,232,250,263,296,275,290,259,143,---,---,---,---,---
Farmington,756,655,869,800,902,899,968,1012,1086,1165,1332,1002,781,640,---,585
Farnhamville,430,414,461,393,409,399,425,365,380,332,348,137,---,---,---,---
Farragut,509,498,603,521,495,495,496,523,494,431,514,406,380,---,---,---
Fayette,1300,1317,1515,1947,1597,1469,1162,1083,1085,1112,1315,1062,995,---,---,---
Fenton,317,346,394,403,440,446,385,381,391,211,---,---,---,---,---,---
Ferguson,126,166,173,203,186,178,183,175,207,127,---,---,---,---,---,---
Fertile,360,382,372,394,386,397,276,238,223,207,---,---,---,---,---,---
Floris,153,172,187,145,187,215,247,209,252,---,---,---,---,---,---,---
Floyd,361,359,408,380,401,440,352,350,308,332,353,---,---,---,---,---
Fonda,648,731,863,980,1026,1120,1188,1027,1136,978,1180,625,168,---,---,---
Fontanelle,692,712,805,752,729,812,797,833,869,789,853,830,563,---,---,---
Forest City,4362,4430,4270,3841,2930,2766,2545,2016,2145,1691,1758,895,688,155,---,---
Fort Atkinson,389,367,374,339,353,273,261,305,315,289,264,480,435,---,---,---
Fort Dodge,25136,25894,29423,31263,28399,25115,22904,21895,19347,15543,12162,4871,3586,3095,672,---
Fort Madison,10715,11618,13520,13996,15247,14954,14063,13779,12066,8900,9278,7901,4679,4011,2886,1509
Fostoria,230,205,261,219,167,147,136,142,119,---,---,---,---,---,---,---
Franklin,136,152,142,111,174,146,80,92,119,138,210,333,367,628,449,---
Fraser,137,120,139,143,134,219,263,309,391,537,---,---,---,---,---,---
Fredericksburg,984,1011,1075,912,797,701,649,567,624,558,565,321,203,---,---,---
Frederika,199,188,223,190,249,210,236,204,210,149,170,---,---,---,---,---
Fredonia,251,201,224,168,147,133,147,165,---,---,---,---,157,150,---,369
Fremont,704,701,730,480,461,471,490,450,544,501,542,---,---,---,---,---
Fruitland,703,511,461,---,---,---,---,---,---,---,---,---,---,---,---,---
Galt,30,43,60,50,75,117,156,167,134,---,---,---,---,---,---,---
Galva,368,398,420,412,469,492,496,530,539,357,456,---,---,---,---,---
Garber,103,118,140,148,148,153,158,120,189,131,---,---,---,---,---,---
Garden Grove,250,229,297,285,335,417,558,558,666,611,651,554,549,---,---,---
Garnavillo,754,727,723,634,662,581,461,365,314,342,---,---,---,---,---,---
Garner,2922,2916,2908,2257,1990,1696,1549,1241,1311,1028,1288,679,321,---,---,---
Garrison,413,320,411,383,421,457,459,432,437,438,482,367,255,---,---,---
Garwin,565,533,626,563,546,518,517,450,587,425,470,---,---,---,---,---
Geneva,171,169,218,201,219,242,268,249,244,199,---,---,---,---,---,---
George,1051,1066,1241,1194,1200,1210,1107,907,788,606,394,---,---,---,---,---
Gibson,92,63,75,80,77,---,---,---,---,---,---,---,---,---,---,---
Gilbert,987,796,805,521,318,297,226,221,221,235,---,---,---,---,---,---
Gilbertville,767,748,740,655,533,399,259,241,212,---,---,---,---,---,---,---
Gillett Grove,55,67,93,---,---,---,---,---,---,---,---,---,---,---,---,---
Gilman,600,586,642,513,491,508,483,428,490,430,465,473,553,---,---,---
Gilmore City,556,560,626,766,688,746,908,896,919,689,687,---,---,---,---,---
Gladbrook,1015,881,970,961,949,862,945,891,961,869,842,556,---,---,---,---
Glenwood,5358,4960,5280,4421,4783,4664,4501,4269,3862,4052,3040,1890,1793,1291,614,---
Glidden,1253,1099,1076,964,993,996,941,854,867,850,733,532,584,177,---,---
Goldfield,680,710,789,722,682,665,715,700,749,618,628,343,99,---,---,---
Goodell,174,201,220,218,231,242,236,210,245,240,254,---,---,---,---,---
Goose Lake,232,221,274,218,191,148,145,128,97,110,---,42,61,---,---,---
Gowrie,1038,1028,1089,1225,1127,1052,1028,1059,895,829,681,526,261,---,---,---
Graettinger,900,813,923,907,879,1016,928,777,779,556,388,---,---,---,---,---
Graf,73,66,98,70,47,44,37,---,281,---,---,---,---,---,---,---
Grafton,290,282,255,254,273,278,256,249,233,183,156,---,---,---,---,---
Grand Junction,964,808,970,967,949,1036,1125,1025,1010,1012,1113,932,752,444,---,---
Grand Mound,676,619,674,627,565,526,526,438,463,428,355,247,234,---,---,---
Grand River,225,171,188,211,284,350,374,395,425,333,326,---,---,---,---,---
Grandview,600,514,473,357,300,311,315,321,341,374,---,---,344,422,356,---
Granger,583,624,619,661,468,300,324,319,324,225,---,---,---,---,---,---
Grant,102,123,143,152,180,237,231,242,282,---,---,---,---,---,---,---
Granville,325,298,336,383,381,350,361,390,358,400,351,---,---,---,---,---
Gravity,218,218,245,286,275,369,514,465,464,475,549,210,---,---,---,---
Gray,82,83,108,145,162,183,182,194,196,148,180,---,---,---,---,---
Greeley,276,284,313,323,369,360,403,343,410,383,488,---,---,---,---,---
Greene,1099,1142,1332,1363,1427,1347,1303,1268,1375,1150,1192,845,711,---,---,---
Greenfield,2129,2074,2243,2212,2243,2102,1869,1837,1707,1379,1300,1048,684,---,---,---
Greenville,93,84,122,117,173,173,169,168,167,---,---,---,---,---,---,---
Grimes,5098,2653,1973,834,697,582,489,468,524,733,186,---,---,---,---,---
Grinnell,9105,8902,8868,8402,7367,6828,5210,4949,5362,5036,3860,3332,2415,1482,392,---
Griswold,1039,1049,1176,1181,1207,1149,1132,1139,1264,949,900,752,350,---,---,---
Grundy Center,2596,2491,2880,2712,2403,2135,2012,1793,1749,1354,1322,1161,950,---,---,---
Gruver,106,102,145,135,140,135,138,126,118,---,---,---,---,---,---,---
Guernsey,70,70,83,94,108,113,121,177,167,143,---,---,---,---,---,---
Guthrie Center,1668,1614,1713,1834,2071,2042,2066,1813,1727,1337,1193,1037,571,---,---,---
Guttenberg,1987,2257,2428,2177,2087,1912,1860,1918,1666,1873,1620,1160,1076,1040,1104,---
Halbur,202,215,229,235,214,235,209,192,186,147,---,---,---,---,---,---
Hamburg,1240,1248,1597,1649,1647,2086,2187,2103,2017,1817,2079,1634,2036,1431,167,---
Hamilton,144,115,163,186,197,245,291,296,474,391,538,---,---,133,107,---
Hampton,4218,4133,4630,4376,4501,4432,4006,3473,2992,2617,2727,2067,1598,588,---,---
Hancock,207,201,254,228,252,264,256,312,276,250,276,167,---,---,---,---
Hanlontown,229,193,213,182,193,257,260,190,202,129,---,---,---,---,---,---
Hansell,96,83,138,124,168,190,183,172,163,---,---,---,---,---,---,---
Harcourt,340,306,347,305,268,303,282,264,307,247,192,---,---,---,---,---
Hardy,57,47,72,73,110,139,168,147,128,---,---,---,---,---,---,---
Harlan,5282,5148,5357,5049,4350,3915,3727,3145,2831,2570,2422,1765,1304,128,47,---
Harper,134,147,138,173,177,182,208,212,247,232,269,253,254,---,---,---
Harpers Ferry,330,284,258,227,211,252,361,289,328,297,---,---,---,---,---,---
Harris,200,170,228,195,258,319,309,328,359,239,217,---,---,---,---,---
Hartford,759,768,761,582,271,221,207,207,218,---,---,---,---,295,320,---
Hartley,1733,1632,1700,1694,1738,1611,1503,1272,1306,1106,1006,519,---,---,---,---
Hartwick,83,115,92,101,126,107,122,122,107,---,---,---,---,---,---,---
Harvey,277,235,275,217,270,346,418,348,422,346,---,---,---,---,---,---
Hastings,214,187,215,229,260,308,403,389,424,393,404,322,440,---,---,---
Havelock,177,217,279,248,289,307,326,339,331,241,397,---,---,---,---,---
Haverhill,170,144,173,160,---,---,---,---,---,---,---,---,---,---,---,---
Hawarden,2478,2439,2722,2789,2544,2625,2681,2459,2491,2107,1810,744,---,---,---,---
Hawkeye,489,460,512,529,516,511,544,530,582,510,518,---,21,---,---,---
Hayesville,64,62,93,93,122,137,120,133,124,---,---,---,---,---,---,---
Hazleton,950,733,877,626,665,550,536,499,517,444,500,---,---,---,---,---
Hedrick,837,810,847,790,762,733,731,810,901,978,1035,592,---,---,---,---
Henderson,171,206,236,211,191,208,217,237,232,240,244,201,---,---,---,---
Hepburn,39,41,42,38,49,64,81,140,108,110,118,75,---,---,---,---
Hiawatha,6480,4986,4885,2416,1336,---,---,---,---,---,---,---,---,---,---,---
Hills,679,662,547,507,310,248,232,211,231,195,---,---,---,---,---,---
Hillsboro,205,169,208,252,218,253,280,281,318,---,---,---,---,---,---,---
Hinton,808,697,659,488,403,345,340,289,263,329,---,---,---,---,---,---
Holland,250,215,278,258,264,221,202,175,165,168,175,---,---,---,---,---
Holstein,1470,1449,1477,1445,1413,1336,1296,1300,1248,936,870,539,---,---,---,---
Holy Cross,339,293,310,290,157,139,123,111,98,143,115,---,---,---,---,---
Hopkinton,681,695,774,800,768,731,841,758,759,797,767,668,645,---,---,---
Hornick,253,222,239,250,275,310,291,309,296,245,284,---,---,---,---,---
Hospers,672,643,655,646,600,604,592,548,570,581,415,---,---,---,---,---
Houghton,130,127,124,119,---,---,---,---,---,---,---,---,---,---,---,---
Hubbard,885,814,852,846,806,836,779,795,681,568,676,452,---,---,---,---
Hudson,2117,2037,2267,1535,1085,613,492,470,408,372,359,---,---,---,---,---
Hull,1960,1724,1714,1523,1289,1127,1072,905,791,658,626,566,---,---,---,---
Humboldt,4452,4438,4794,4665,4031,3219,2819,2251,2232,1809,1474,1075,606,335,---,---
Humeston,543,553,671,673,638,750,903,924,1214,1006,945,642,---,---,---,---
Huxley,2316,2047,1884,937,486,422,392,362,366,336,---,---,---,---,---,---
Ida Grove,2350,2357,2285,2261,2265,2202,2238,2206,2020,1874,1967,1563,759,30,---,---
Imogene,66,88,188,192,264,274,280,303,268,341,296,279,158,---,---,---
Independence,6014,5972,6392,5910,5498,4865,4342,3691,3672,3517,3656,3163,3128,2945,1395,---
Indianola,12998,11340,10843,8852,7062,5145,4123,3488,3628,3283,3261,2254,2146,1428,836,---
Inwood,875,824,755,644,638,644,634,670,746,595,477,---,---,---,---,---
Ionia,277,304,350,270,265,301,283,246,280,298,306,---,---,---,---,---
Iowa City,62220,59735,50508,46850,33443,27212,17182,15340,11267,10091,7987,7016,7123,5914,5214,1250
Iowa Falls,5193,5435,6174,6454,5565,4900,4425,4112,3954,2797,2840,1796,955,---,---,---
Ireton,585,597,588,582,510,573,653,612,730,631,545,412,---,---,---,---
Irwin,372,394,427,446,425,381,345,357,311,278,295,---,---,---,---,---
Jackson Junction,60,87,94,106,89,107,122,126,130,160,171,---,---,---,---,---
Jamaica,237,232,275,271,256,303,283,311,295,379,---,---,---,---,---,---
Janesville,829,822,840,741,648,445,366,331,261,269,311,---,---,---,---,---
Jefferson,4626,4292,4854,4735,4570,4326,4088,3431,3416,2477,2601,1875,1444,779,---,---
Jesup,2212,2121,2343,1662,1488,1158,902,736,774,697,690,573,569,---,---,---
Jewell Junction,1239,1106,1145,1152,1113,973,1051,950,1090,941,947,414,---,---,---,---
Johnston,8649,4702,2526,222,---,---,---,---,---,---,---,---,---,---,---,---
Joice,231,245,223,201,231,244,263,225,233,---,---,---,---,---,---,---
Jolley,54,68,91,112,120,195,161,174,300,250,266,---,---,---,---,---
Kalona,2293,1942,1862,1488,1235,947,765,704,632,466,530,211,---,---,---,---
Kamrar,229,203,225,243,268,261,288,286,256,262,223,---,---,---,---,---
Kanawha,739,763,756,822,735,747,767,609,659,398,---,---,---,---,---,---
Kellerton,372,314,278,299,341,483,563,540,693,503,458,277,169,---,---,---
Kelley,300,246,237,235,239,244,159,179,192,231,187,---,---,---,---,---
Kellogg,606,626,654,607,623,670,648,580,603,610,653,700,772,---,---,---
Kensett,280,298,360,361,409,424,392,394,338,360,459,---,---,---,---,---
Kent,52,65,70,86,94,169,138,177,183,158,---,---,---,---,---,---
Keokuk,11427,12451,13536,14631,16316,16144,15076,15106,14423,14008,14641,14101,12117,12766,8136,2478
Keomah Village,97,99,99,---,---,---,---,---,---,---,---,---,---,---,---,---
Keosauqua,1066,1020,1003,1018,1023,1101,1040,855,851,1009,1117,831,883,869,---,705
Keota,1025,1000,1034,1112,1096,1145,1032,955,1025,988,996,777,710,---,---,---
Keswick,295,284,300,257,265,276,307,358,354,---,---,---,---,---,---,---
Keystone,687,568,618,549,522,438,466,499,558,412,405,---,---,---,---,---
Kimballton,342,289,362,343,380,428,349,378,382,271,---,---,---,---,---,---
Kingsley,1245,1129,1209,1097,1044,1098,1145,1093,1072,977,720,649,---,---,---,---
Kinross,80,89,79,98,103,105,109,137,138,142,132,---,---,---,---,---
Kirkman,76,98,95,72,92,131,185,183,204,180,203,---,---,---,---,---
Kirkville,214,177,220,222,203,213,241,206,210,299,402,714,280,236,---,---
Kiron,273,301,317,275,271,255,260,259,294,207,89,---,---,---,---,---
Klemme,593,587,620,554,615,555,528,463,468,306,262,---,---,---,---,---
Knierim,70,71,125,131,153,133,159,121,173,220,---,---,---,---,---,---
Knoxville,7731,8232,8143,7755,7817,7625,6936,4697,3523,3190,3131,2632,2577,800,1124,---
La Motte,272,260,322,326,323,280,272,275,327,288,272,154,161,---,---,---
La Porte City,2275,2128,2324,2256,1953,1770,1594,1470,1443,1233,1419,1052,1006,---,---,---
Lacona,360,357,376,424,396,430,424,443,502,517,496,301,282,---,---,---
Ladora,287,308,289,321,307,273,300,284,340,260,239,224,211,---,---,---
Lake City,1787,1841,2006,1910,2114,2308,2216,2012,2110,2043,2703,1160,249,103,---,---
Lake Mills,2140,2143,2281,2124,1758,1560,1677,1474,1529,1214,1293,604,414,---,---,---
Lake Park,1023,996,1123,918,952,924,828,708,789,552,541,---,---,---,---,---
Lake View,1278,1303,1291,1249,1165,1158,1082,993,838,514,591,366,---,---,---,---
Lakeside,484,522,589,353,306,219,103,---,---,---,---,---,---,---,---,---
Lakota,255,281,330,385,459,443,457,409,472,436,384,---,---,---,---,---
Lambs Grove,225,212,228,239,234,---,---,---,---,---,---,---,---,---,---,---
Lamoni,2444,2319,2705,2540,2173,2196,1567,1739,1787,1541,1540,---,---,---,---,---
Lamont,503,471,554,498,554,574,589,521,495,571,636,---,---,---,---,---
Lanesboro,152,182,196,203,258,280,289,270,282,268,---,---,---,---,---,---
Lansing,1012,1007,1181,1227,1325,1536,1388,1321,1447,1542,1438,1668,1811,1755,---,---
Larchwood,788,739,701,611,531,415,405,382,441,434,450,---,---,---,---,---
Larrabee,149,175,169,167,167,158,189,189,206,158,125,---,---,---,---,---
Latimer,535,430,441,393,445,434,416,352,359,378,---,---,---,---,---,---
Laurel,266,271,278,245,223,257,232,232,195,179,---,---,---,---,---,---
Laurens,1476,1550,1606,1792,1799,1556,1304,1071,914,817,853,318,---,---,---,---
Lawler,461,517,534,513,532,539,542,476,631,601,646,464,487,---,---,---
Lawton,697,482,447,406,324,254,263,259,243,138,---,---,---,---,---,---
Le Claire,2847,2734,2899,2520,1546,1124,881,691,724,690,997,906,1061,1093,1448,---
Le Grand,883,854,921,565,465,393,329,382,320,338,408,---,---,---,---,---
Le Mars,9237,8454,8276,8159,6767,5844,5353,4788,4683,4157,4146,4036,1895,---,---,---
Le Roy,13,34,31,43,70,91,129,142,174,185,---,---,---,---,---,---
Ledyard,147,164,215,240,289,327,317,245,246,222,257,---,---,---,---,---
Lehigh,497,536,654,739,846,881,1004,996,1090,928,806,870,---,---,---,---
Leighton,153,142,137,140,167,118,128,115,130,---,---,---,---,---,---,---
Leland,258,311,274,223,209,209,235,164,180,188,215,---,---,---,---,---
Lenox,1401,1303,1338,1215,1178,1171,1220,1171,1197,1274,1014,706,615,---,---,---
Leon,1983,2047,2094,2142,2004,2139,2307,2006,2193,1991,1905,1422,1367,820,---,---
Lester,251,257,274,238,239,217,286,231,250,244,225,---,---,---,---,---
Letts,392,390,473,434,392,404,362,329,417,433,387,325,300,88,---,---
Lewis,438,433,497,526,501,511,557,589,607,603,613,579,550,400,---,---
Libertyville,325,264,281,329,368,311,310,258,321,---,---,---,---,---,---,---
Lidderdale,186,202,197,173,201,180,208,211,163,114,---,---,---,---,---,---
Lime Springs,496,438,476,497,581,551,567,539,595,498,605,550,470,---,---,---
Lincoln,182,173,202,184,183,194,167,162,146,---,---,---,---,---,---,---
Linden,226,201,264,278,258,290,298,314,267,315,314,---,---,---,---,---
Lineville,273,289,319,385,452,482,520,531,707,600,690,606,622,---,---,---
Linn Grove,211,194,205,240,330,320,402,360,433,---,---,---,---,---,---,---
Lisbon,1898,1452,1458,1329,1227,952,873,795,803,846,956,1079,776,---,582,---
Liscomb,272,258,296,328,295,278,340,326,347,354,338,313,452,---,---,---
Little Rock,489,493,490,531,564,533,633,585,573,471,399,---,---,---,---,---
Little Sioux,217,205,251,239,295,349,434,400,436,390,427,400,369,---,---,---
Littleport,26,88,106,97,119,139,170,203,191,166,---,---,---,---,---,---
Livermore,431,436,490,510,545,615,736,666,648,578,618,459,168,---,---,---
Lockridge,275,270,271,232,206,233,279,231,230,---,---,---,---,---,---,---
Logan,1545,1401,1540,1526,1605,1550,1700,1654,1637,1453,1377,827,644,---,---,---
Lohrville,431,453,521,553,653,698,776,776,727,674,597,435,---,---,---,---
Lone Rock,157,185,169,166,185,188,170,159,193,---,---,---,---,---,---,---
Lone Tree,1151,979,1014,834,717,639,651,627,673,782,600,---,---,---,---,---
Long Grove,597,605,596,269,182,156,139,134,158,---,---,---,---,---,---,---
Lorimor,427,377,405,346,460,505,614,577,678,645,587,---,---,---,---,---
Lost Nation,497,467,524,547,567,557,493,493,537,523,---,213,193,---,---,---
Lovilia,583,566,637,640,630,619,852,727,958,552,---,---,---,---,---,---
Low Moor,240,280,346,347,343,279,252,271,277,253,318,---,---,---,---,---
Lowden,794,726,717,667,641,642,645,697,655,584,544,405,---,486,---,---
Lu Verne,299,328,418,380,468,553,576,570,610,501,534,---,---,---,---,---
Luana,249,190,246,225,276,220,204,186,181,---,---,---,---,---,---,---
Lucas,243,224,292,247,357,420,534,514,614,666,1132,1320,981,---,---,---
Luther,158,154,155,189,147,131,145,137,145,130,---,---,---,---,---,---
Luxemburg,246,257,271,185,159,120,124,105,93,---,---,---,---,---,---,---
Luzerne,105,110,114,134,136,186,135,149,180,160,169,---,---,144,---,---
Lynnville,366,393,406,381,411,406,427,426,461,370,347,261,296,---,---,---
Lytton,305,320,377,378,376,373,335,373,278,---,---,---,---,---,---,---
Macedonia,325,262,279,330,290,298,329,314,352,357,295,---,---,---,---,---
Macksburg,142,110,132,142,174,220,255,218,228,197,235,186,204,---,---,---
Madrid,2264,2395,2281,2448,2286,1829,2074,2061,1783,1191,1021,565,200,---,---,---
Magnolia,200,204,207,206,215,207,242,271,299,311,---,---,---,450,---,---
Malcom,352,447,418,388,416,406,447,381,413,377,404,372,416,---,---,---
Mallard,298,360,407,384,431,399,438,449,431,331,292,---,---,---,---,---
Maloy,28,36,38,45,68,90,95,112,121,127,---,---,---,---,---,---
Malvern,1256,1210,1244,1158,1193,1263,1325,1320,1195,1154,1166,1003,748,---,---,---
Manchester,5257,5137,4942,4641,4402,3987,3762,3413,3111,2758,2887,2344,2275,1492,---,---
Manilla,839,898,1020,943,939,1035,1040,1032,1142,875,773,526,---,---,---,---
Manly,1342,1349,1496,1294,1425,1473,1445,1447,1476,346,359,---,---,---,---,---
Manning,1490,1484,1609,1656,1676,1801,1748,1817,1863,1434,1169,1233,---,---,---,---
Manson,1893,1844,1924,1993,1789,1622,1429,1382,1409,1236,1424,822,377,---,---,---
Mapleton,1416,1294,1495,1647,1686,1857,1824,1622,1367,1100,1099,782,379,---,113,---
Maquoketa,6112,6130,6313,5677,5909,4307,4076,3595,3626,3570,3777,3077,2467,1756,1090,168
Marathon,302,320,442,447,516,565,597,573,520,532,659,---,---,---,---,---
Marble Rock,326,361,419,461,442,470,660,441,483,480,573,433,409,---,---,---
Marcus,1139,1171,1206,1272,1307,1263,1206,1138,1091,896,718,671,171,---,---,---
Marengo,2535,2270,2308,2235,2264,2151,2260,2112,2048,1786,2007,1710,1738,1693,---,50
Marion,26294,20403,19474,18028,10882,5916,4721,4348,4138,4400,4102,3094,1939,1822,1367,---
Marne,149,149,162,187,205,214,245,255,284,266,410,---,---,---,---,---
Marquette,421,479,528,509,572,641,747,814,923,588,616,509,519,---,---,---
Marshalltown,26009,25178,26938,26219,22521,19821,19240,17373,15731,13374,11544,8914,6240,3218,---,---
Martelle,280,290,316,341,247,228,215,185,156,178,158,---,---,---,---,---
Martensdale,467,491,438,306,316,161,172,139,---,---,---,---,---,---,---,---
Martinsburg,126,157,174,140,172,219,218,223,278,285,332,322,154,---,---,---
Marysville,54,65,84,91,113,165,203,149,234,319,322,348,340,266,75,---
Mason City,29172,29040,30144,30379,30642,27980,27080,23304,20065,11230,6746,4007,2510,1183,---,---
Masonville,104,129,150,147,168,133,176,207,250,282,---,---,---,---,---,---
Massena,414,372,518,433,456,459,479,475,500,490,475,279,---,---,---,---
Matlock,83,92,109,89,103,104,112,103,94,118,94,---,---,---,---,---
Maurice,254,243,288,266,237,256,272,274,329,290,280,---,---,---,---,---
Maxwell,807,788,783,758,773,802,812,721,811,754,810,453,---,---,---,---
Maynard,500,513,561,503,515,455,432,409,387,382,495,371,270,---,---,---
Maysville,163,170,151,170,126,70,44,57,85,55,---,---,---,---,---,---
McCallsburg,318,292,304,307,272,290,278,330,261,309,---,---,---,---,---,---
McCausland,299,308,381,226,173,150,115,104,110,106,---,---,---,---,---,---
McClelland,129,139,177,146,150,159,165,161,142,134,---,---,---,---,---,---
McGregor,871,797,945,990,1040,1138,1309,1299,1289,1259,1498,1160,1602,2074,1989,---
McIntire,173,147,197,234,270,300,300,268,514,487,427,---,---,---,---,---
Mechanicsville,1173,1075,1166,989,866,850,821,781,812,817,703,612,545,628,195,---
Mediapolis,1644,1637,1685,1242,1040,834,806,793,780,858,725,489,423,---,---,---
Melbourne,794,669,732,661,517,510,480,426,481,423,366,---,---,---,---,---
Melcher-Dallas,1298,1302,---,---,---,---,---,---,---,---,---,---,---,---,---,---
Melrose,130,150,218,192,214,310,451,417,450,459,400,---,---,---,---,---
Melvin,243,250,277,325,364,325,328,301,282,195,---,---,---,---,---,---
Menlo,365,356,410,391,421,421,441,500,476,382,428,389,---,---,---,---
Meriden,184,193,233,167,192,164,200,188,218,246,432,241,---,---,---,---
Merrill,754,729,737,790,645,605,547,605,633,520,389,---,---,---,---,---
Meservey,252,292,324,354,331,297,282,255,282,193,193,---,---,---,---,---
Middletown,535,386,487,443,245,229,134,126,112,---,---,---,---,---,---,---
Miles,462,409,398,409,376,344,314,319,333,334,385,---,---,---,---,---
Milford,2474,2170,2076,1668,1476,1375,1202,1062,908,575,485,---,---,---,---,---
Millersburg,184,188,184,187,186,200,177,198,210,---,---,---,---,---,---,---
Millerton,48,44,72,82,90,140,163,162,159,---,---,---,---,---,---,---
Millville,23,32,50,27,---,---,---,---,---,---,---,---,---,---,---,---
Milo,839,864,778,561,468,525,528,542,560,519,585,318,100,---,---,---
Milton,550,506,567,567,609,719,809,771,845,913,849,643,412,---,---,---
Minburn,391,346,390,378,357,353,335,328,418,388,317,---,---,---,---,---
Minden,564,539,483,433,355,328,310,377,381,423,328,287,---,---,---,---
Mingo,269,252,303,260,260,227,290,313,324,246,---,---,---,---,---,---
Missouri Valley,2992,2888,3107,3519,3567,3546,3994,4230,3985,3187,4010,2797,1154,---,---,---
Mitchell,155,170,193,233,237,168,161,177,195,231,245,309,295,829,---,---
Mitchellville,1715,1670,1530,1341,957,906,769,702,752,869,768,704,745,---,---,---
Modale,303,289,373,297,276,283,385,359,381,387,383,288,---,---,---,---
Mondamin,423,403,423,420,436,489,610,534,508,420,384,257,158,---,---,---
Monmouth,180,169,210,257,291,198,190,198,200,221,281,---,---,---,---,---
Monona,1550,1520,1530,1395,1346,1346,1191,1163,1049,792,674,460,420,---,---,---
Monroe,1808,1739,1875,1389,1366,1108,1015,936,936,800,917,952,982,---,---,---
Montezuma,1440,1651,1485,1353,1416,1460,1477,1257,1273,1172,1210,1062,921,555,564,---
Monticello,3607,3522,3641,3509,3190,2888,2546,2259,2257,2043,2104,1938,1877,1337,---,---
Montour,285,312,387,334,252,380,393,370,409,383,502,409,457,---,---,---
Montrose,957,957,1038,735,632,643,592,621,549,708,748,778,983,905,---,454
Moorhead,232,259,264,271,313,392,421,372,381,366,200,---,---,---,---,---
Moorland,197,209,257,269,281,248,215,179,181,137,---,---,---,---,---,---
Moravia,713,679,706,699,621,652,731,684,837,682,632,311,173,161,172,---
Morley,88,85,94,123,124,157,119,117,---,---,---,---,---,---,---,---
Morning Sun,872,841,959,906,875,939,861,856,751,897,948,881,812,314,226,---
Morrison,97,125,146,136,139,169,161,173,207,173,176,165,116,---,---,---
Moulton,658,613,762,763,773,985,1181,1476,1387,1233,1420,769,681,678,---,---
Mount Auburn,160,134,188,200,186,216,223,196,249,228,---,---,---,---,---,---
Mount Ayr,1822,1796,1938,1762,1738,1793,1930,1704,1738,1646,1729,1265,1275,422,---,---
Mount Pleasant,8751,7959,7322,7007,7339,5843,4610,3743,3987,3874,4109,3997,4410,4245,3530,758
Mount Sterling,40,53,96,87,86,144,134,165,179,232,---,---,---,---,---,---
Mount Union,132,140,145,173,176,167,186,167,225,195,---,---,---,---,---,---
Mount Vernon,3390,3657,3325,3018,2593,2320,1489,1441,1466,1532,1629,1259,977,910,---,---
Moville,1583,1306,1273,1198,1156,964,973,911,878,552,507,295,---,---,---,---
Murray,766,731,703,620,613,767,857,828,847,796,949,666,491,---,---,---
Muscatine,22697,22881,23467,22405,19813,19041,18286,16778,16068,16178,14073,11454,8295,6718,---,---
Mystic,588,545,665,696,761,1233,1822,1953,2796,2663,1758,875,---,---,---,---
Nashua,1618,1476,1846,1712,1737,1609,1439,1363,1317,1102,1268,1240,1116,817,---,---
Nemaha,102,112,120,117,151,184,169,146,166,---,---,---,---,---,---,---
Neola,845,909,839,968,870,839,841,944,896,926,921,917,286,---,---,---
Nevada,6658,6009,5912,4952,4227,3763,3353,3133,2668,2138,2472,1662,1541,982,350,---
New Albin,527,534,609,644,643,568,602,556,683,588,543,411,423,---,---,---
New Hampton,3692,3660,3940,3621,3456,3323,2933,2458,2539,2275,2339,1314,1105,455,---,---
New Hartford,659,683,764,690,649,584,548,500,454,482,570,---,---,---,---,---
New Liberty,121,139,136,141,145,126,125,103,116,93,---,---,---,---,---,---
New London,1937,1922,2043,1900,1694,1510,1340,1336,1144,1144,1003,580,658,---,---,---
New Market,456,454,554,501,506,573,681,630,745,673,600,320,---,---,---,---
New Providence,227,240,249,208,206,212,236,262,255,246,268,---,---,---,---,---
New Sharon,1301,1136,1225,944,1063,1089,1214,1052,1084,1122,1252,1026,805,---,---,---
New Vienna,400,376,430,392,265,204,229,229,241,188,245,---,---,---,---,---
New Virginia,469,433,512,452,381,342,410,404,424,396,---,---,---,---,---,---
Newell,887,1089,913,877,893,884,854,812,809,728,762,540,348,---,---,---
Newhall,886,854,899,701,495,366,330,336,293,---,---,---,---,---,---,---
Newton,15579,14799,15292,15619,15381,11723,10462,11560,6627,4616,3682,2564,2607,1983,---,---
Nichols,374,366,375,396,329,348,357,369,387,396,398,237,286,---,---,---
Nodaway,132,153,185,176,204,233,270,334,340,323,---,---,---,---,---,---
Nora Springs,1532,1505,1572,1337,1275,1257,1198,1070,1055,985,1209,846,617,---,---,---
North Buena Vista,124,145,155,118,150,148,203,183,144,162,---,---,---,---,---,---
North English,991,944,990,965,1004,853,865,780,933,848,683,---,---,---,---,---
North Liberty,5367,2926,2046,1055,334,309,282,161,171,---,---,---,---,---,---,---
North Washington,118,107,142,134,156,159,138,110,124,132,---,---,---,---,---,---
Northboro,60,78,115,115,135,167,182,246,228,197,---,---,---,---,---,---
Northwood,2050,1940,2193,1950,1768,1767,1724,1554,1597,1264,1271,859,844,289,---,---
Norwalk,6884,5726,2676,1745,1328,435,377,336,331,315,287,---,---,---,---,---
Norway,601,583,633,554,516,441,407,448,463,479,533,401,---,---,---,---
Numa,109,151,205,165,202,248,322,399,602,659,---,125,122,---,---,---
Oakland,1487,1496,1552,1603,1340,1296,1317,1181,1188,1105,913,686,---,---,---,---
Oakland Acres,166,152,139,---,---,---,---,---,---,---,---,---,---,---,---,---
Oakville,439,442,470,369,346,360,391,389,466,389,---,---,---,---,---,---
Ocheyedan,536,539,599,545,662,700,712,627,686,595,599,---,---,---,---,---
Odebolt,1153,1158,1299,1323,1331,1279,1350,1388,1445,1283,1432,1122,637,---,---,---
Oelwein,6692,6493,7564,7735,8282,7858,7801,7794,7455,6028,5142,830,397,---,---,---
Ogden,2023,1909,1953,1661,1525,1486,1513,1429,1451,1298,993,689,568,---,---,---
Okoboji,820,775,559,361,330,336,271,176,---,---,---,---,---,---,---,---
Olds,249,205,225,206,189,187,203,227,186,165,---,---,---,---,---,---
Olin,716,663,735,710,703,626,707,632,718,659,692,519,362,---,---,---
Ollie,224,207,232,268,291,298,294,294,385,289,238,---,---,---,---,---
Onawa,3091,2936,3283,3154,3176,3498,3438,2538,2256,2026,1933,1358,882,478,---,---
Onslow,223,216,218,253,269,244,230,210,218,207,263,237,---,---,---,---
Orange City,5582,4940,4588,3572,2707,2166,1920,1727,1632,1374,1457,1246,320,---,---,---
Orchard,88,93,95,115,116,114,126,158,124,---,---,---,---,---,---,---
Orient,402,376,416,324,341,427,442,433,500,373,359,130,31,---,---,---
Orleans,583,560,546,396,280,317,244,126,123,105,92,---,---,---,---,---
Osage,3451,3439,3718,3815,3753,3436,3196,2964,2878,2445,2734,1913,2012,1400,---,---
Osceola,4659,4164,3750,3124,3350,3422,3281,2871,2684,2416,2505,2120,1769,1298,---,---
Oskaloosa,10938,10600,10989,11224,11053,11124,11024,10123,9427,9466,9212,6558,4598,3204,---,---
Ossian,853,810,829,847,827,804,822,740,858,749,670,609,444,---,---,---
Osterdock,50,49,35,59,45,51,78,92,103,97,---,---,---,---,---,---
Otho,571,529,692,581,593,---,---,---,---,---,---,---,---,---,---,---
Oto,145,118,172,203,221,302,410,370,333,268,396,247,---,---,---,---
Ottosen,61,72,92,93,92,127,152,191,234,147,---,---,---,---,---,---
Ottumwa,24998,24488,27381,29610,33871,33631,31570,28075,23003,22012,18197,14001,9004,5214,1632,---
Owasa,38,37,65,69,104,100,117,83,---,---,---,---,---,---,---,---
Oxford,705,663,676,666,633,543,542,521,580,614,664,515,560,---,---,---
Oxford Junction,573,581,600,666,725,663,705,759,807,822,780,752,349,---,---,---
Oyens,132,113,146,145,114,95,104,106,100,94,---,---,---,---,---,---
Pacific Junction,507,548,511,505,560,550,558,594,666,501,732,744,123,---,---,---
Packwood,223,208,210,157,215,211,256,208,294,264,284,---,---,---,---,---
Palmer,214,230,288,264,271,296,305,297,282,177,---,---,---,---,---,---
Palo,614,514,529,430,387,285,250,205,224,208,---,---,---,---,---,---
Panama,212,201,229,221,257,230,255,256,220,232,221,379,---,---,---,---
Panora,1175,1100,1211,982,1019,1062,1169,1014,966,1080,958,809,795,504,314,---
Panorama Park,111,127,145,219,140,---,---,---,---,---,---,---,---,---,---,---
Parkersburg,1889,1804,1968,1631,1468,1300,1260,1046,1108,938,1164,760,652,---,---,---
Parnell,220,209,234,175,200,206,263,262,325,369,318,---,---,---,---,---
Paton,265,255,291,329,370,404,394,388,414,358,328,245,84,---,---,---
Patterson,126,128,138,120,157,133,166,123,136,147,163,133,186,---,---,---
Paullina,1124,1134,1224,1257,1329,1289,1230,1013,987,796,617,510,---,---,---,---
Pella,9832,9270,8349,6668,5198,4427,3638,3326,3338,3021,2623,2408,2430,1909,1644,---
Peosta,651,135,120,57,50,60,45,---,---,---,---,---,---,---,---,---
Perry,7633,6652,7053,6906,6442,6174,5977,5881,5642,4630,3986,2880,952,---,---,---
Persia,363,312,355,316,322,373,395,396,380,358,361,---,---,---,---,---
Peterson,372,390,470,469,565,589,603,598,580,480,521,371,---,44,---,---
Pierson,371,341,408,421,425,453,531,551,554,416,358,---,---,---,---,---
Pilot Mound,214,199,223,214,196,246,282,274,311,347,315,---,---,---,---,---
Pioneer,21,46,40,56,76,83,129,98,84,92,---,---,---,---,---,---
Pisgah,316,268,307,286,343,327,397,400,421,212,---,---,---,---,---,---
Plainfield,438,455,469,446,445,387,362,293,303,288,320,---,---,---,---,---
Plano,58,75,111,109,87,106,209,153,272,---,---,---,---,---,---,---
Pleasant Hill,5070,3671,3493,1535,397,---,---,---,---,---,---,---,---,---,---,---
Pleasant Plain,131,128,144,121,147,148,171,175,164,174,280,---,---,---,---,---
Pleasanton,37,58,75,62,103,130,180,177,266,200,164,---,---,---,---,---
Pleasantville,1539,1536,1531,1297,1025,893,895,757,859,691,738,510,449,---,---,---
Plover,95,101,135,129,182,243,280,266,246,---,---,---,---,---,---,---
Plymouth,429,453,463,461,422,395,427,388,366,358,---,246,239,---,---,---
Pocahontas,1970,2085,2352,2338,2011,1949,1730,1308,1302,987,625,---,---,---,---,---
Polk City,2344,1908,1658,715,567,336,343,295,277,310,438,446,443,---,---,---
Pomeroy ,710,762,895,765,816,868,843,826,874,815,910,481,185,---,---,---
Popejoy,78,92,112,147,190,201,199,207,204,200,---,---,---,---,---,---
Portsmouth,225,209,240,239,232,299,320,328,280,347,316,250,---,---,---,---
Postville,2273,1472,1475,1546,1554,1343,1194,1060,1039,952,984,884,732,---,---,---
Prairie City,1365,1366,1278,1141,943,834,831,793,780,764,808,684,591,---,---,---
Prairieburg,175,213,197,182,226,210,193,163,176,187,---,---,---,116,---,---
Prescott,266,287,349,305,331,372,400,442,429,426,446,---,---,---,---,---
Preston,949,1025,1120,950,819,684,602,596,648,642,593,489,---,---,---,---
Primghar,891,950,1050,995,1131,1152,1081,962,921,733,814,519,143,---,---,---
Princeton,946,904,965,633,580,495,414,373,414,379,456,398,494,498,469,---
Promise City,105,132,149,148,161,218,225,226,267,274,---,---,---,---,---,---
Protivin,317,305,368,333,302,283,290,277,201,163,136,---,---,---,---,---
Pulaski,249,262,267,255,299,381,400,376,419,382,302,---,---,---,---,---
Quasqueton,574,579,599,464,373,374,400,342,453,394,---,---,---,---,---,---
Quimby,368,334,424,395,369,398,363,318,363,268,---,---,---,---,---,---
Radcliffe,607,574,593,548,615,638,631,627,708,660,645,---,---,---,---,---
Rake,227,238,283,324,328,351,329,310,254,163,---,---,---,---,---,---
Ralston,98,119,108,129,143,166,202,184,200,175,---,---,---,---,---,---
Randalia,84,88,101,85,114,132,121,123,113,123,117,---,97,---,---,---
Randall,148,161,171,179,201,202,---,---,---,---,---,---,---,---,---,---
Randolph,209,243,223,214,257,295,379,344,404,304,373,276,213,---,---,---
Rathbun,88,89,93,113,203,229,352,299,630,382,270,---,---,---,---,---
Raymond,537,619,655,582,378,---,---,---,---,---,---,---,---,---,---,---
Readlyn,786,773,858,616,547,468,426,385,403,227,---,---,---,---,---,---
Reasnor,194,191,277,284,224,227,221,229,226,---,---,---,---,---,---,---
Red Oak,6197,6264,6810,6210,6421,6526,5763,5778,5578,4830,4355,3321,3755,1315,---,---
Redding,78,119,91,111,129,200,246,272,289,269,311,214,85,---,---,---
Redfield,833,883,959,921,966,892,898,870,770,659,509,397,394,---,---,---
Reinbeck,1751,1605,1808,1711,1621,1460,1429,1425,1415,1205,1203,731,482,---,---,---
Rembrandt,228,229,291,250,265,296,302,263,270,128,---,---,---,---,---,---
Remsen,1762,1513,1592,1367,1338,1280,1196,1181,1144,1076,835,580,---,---,---,---
Renwick,306,287,410,429,477,474,470,491,501,372,350,---,---,---,---,---
Rhodes,294,272,367,347,358,369,379,450,439,448,476,434,---,---,---,---
Riceville,840,827,919,877,898,962,910,807,960,844,804,---,---,---,---,---
Richland,587,522,600,595,546,591,614,713,639,613,534,531,254,---,---,239
Rickardsville,191,193,215,193,---,---,---,---,---,---,---,---,---,---,---,---
Ricketts,144,122,143,141,133,166,167,157,161,102,---,---,---,---,---,---
Ridgeway,293,295,308,218,267,307,323,348,349,354,371,---,---,---,---,---
Rinard,72,71,97,88,99,115,143,140,160,---,---,---,---,---,---,---
Ringsted,436,481,557,509,559,578,508,486,599,313,---,---,---,---,---,---
Rippey,319,275,304,270,331,354,421,357,409,407,395,---,---,---,---,---
Riverdale,656,419,462,684,477,---,---,---,---,---,---,---,---,---,---,---
Riverside,928,824,826,758,656,631,633,638,667,652,698,608,412,---,---,---
Riverton,304,333,342,331,399,472,543,590,568,583,687,560,497,---,---,---
Robins,1806,875,726,663,426,272,205,190,110,---,---,---,---,---,---,---
Rock Falls,170,155,196,150,156,139,153,109,85,87,124,122,221,221,---,---
Rock Rapids,2573,2601,2693,2632,2780,2640,2556,2221,2172,2005,1766,1394,---,---,---,---
Rock Valley,2702,2540,2706,2205,1693,1581,1507,1204,1347,1198,1054,542,100,---,---,---
Rockford,907,863,1012,902,941,979,1054,996,1031,916,1080,1010,739,---,---,---
Rockwell,989,1008,1039,923,772,753,779,750,800,700,830,381,249,---,---,---
Rockwell City,2264,1981,2276,2396,2313,2333,2391,2108,2039,1528,1222,516,90,---,---,---
Rodman,56,56,86,104,144,123,170,167,158,131,147,---,---,---,---,---
Rodney,74,71,82,66,94,127,131,150,176,163,173,---,---,---,---,---
Roland,1324,1035,1005,803,748,687,791,759,829,641,557,---,---,---,---,---
Rolfe,675,721,796,767,819,997,1122,1012,1031,954,994,529,---,---,---,---
Rome,113,124,113,135,117,134,119,144,168,155,255,---,276,---,---,---
Rose Hill,205,171,214,192,223,243,269,275,260,269,253,200,199,---,---,---
Rossie,58,68,72,91,102,112,95,85,---,---,---,---,---,---,---,---
Rowan,218,189,259,231,273,304,316,330,302,256,---,---,---,---,---,---
Rowley,290,272,275,241,234,249,233,205,---,---,---,---,---,---,---,---
Royal,479,466,522,469,475,495,426,410,362,---,---,---,---,---,---,---
Rudd,431,429,460,429,436,398,410,429,487,296,381,---,---,---,---,---
Runnells,352,306,377,354,322,307,388,367,369,428,---,296,---,---,---,---
Russell,559,531,593,591,577,566,642,571,633,612,636,443,345,175,---,---
Ruthven,711,707,769,708,712,868,832,739,809,655,787,580,73,---,---,---
Rutland,145,149,163,215,221,225,255,222,197,212,---,---,---,---,---,---
Ryan,410,382,390,343,347,362,341,369,397,511,---,---,---,---,---,---
Sabula,670,710,824,845,894,888,771,759,865,918,1029,918,1223,920,406,168
Sac City,2368,2516,3000,3268,3354,3170,3165,2854,2630,2201,2079,1249,595,156,---,---
Sageville,203,288,291,338,110,118,66,---,---,---,---,---,---,---,---,---
Salem,464,453,463,458,442,473,457,460,494,501,548,551,524,---,---,---
Salix,370,367,429,387,394,337,392,374,396,390,387,---,---,---,---,---
Sanborn,1353,1345,1398,1465,1323,1337,1344,1213,1497,1174,1247,1075,364,---,---,---
Sandyville,61,59,86,89,115,92,93,92,94,120,---,---,---,---,---,---
Scarville,97,92,82,81,105,105,136,163,140,129,---,---,---,---,---,---
Schaller,779,768,832,835,896,841,758,724,731,646,661,333,---,---,---,---
Schleswig,833,851,868,875,785,751,628,638,655,455,233,---,---,---,---,---
Scranton,604,583,748,751,865,891,1014,1058,843,845,983,715,---,---,---,---
Searsboro,155,164,134,140,165,183,195,171,204,226,263,153,225,---,---,---
Sergeant Bluff,3321,2772,2416,1164,813,569,587,569,548,525,---,425,167,---,---,---
Seymour,810,869,1036,931,1117,1223,1539,1571,1746,2290,1703,1058,501,---,---,---
Shambaugh,188,190,197,178,206,251,269,278,250,245,---,---,---,---,---,---
Shannon City,70,97,93,100,127,171,288,293,333,292,380,---,---,---,---,---
Sharpsburg,98,116,114,106,130,147,173,182,188,181,---,---,---,---,---,---
Sheffield,930,1174,1224,1070,1156,1163,1060,1057,1106,824,688,610,307,---,---,---
Shelby,696,637,665,537,533,592,627,617,588,586,692,582,449,---,---,---
Sheldahl,336,315,315,285,279,211,206,209,175,202,179,---,---,---,---,---
Sheldon,4914,4904,5003,4535,4251,4001,3768,3320,3488,2941,2282,1478,730,---,---,---
Shell Rock,1298,1385,1478,1159,1112,1013,925,806,815,741,839,733,719,---,---,---
Shellsburg,938,765,771,740,625,632,552,546,590,527,511,468,547,---,---,---
Shenandoah,5546,5572,6274,5968,6567,6938,6846,6502,5255,4976,3573,2440,1387,---,---,---
Sherrill,186,148,208,190,174,162,82,---,110,---,---,---,---,---,---,---
Shueyville,250,223,287,154,---,---,---,---,---,---,---,---,---,---,---,---
Sibley,2796,2815,3051,2749,2852,2559,2356,1870,1803,1330,1289,1090,301,---,---,---
Sidney,1300,1253,1308,1061,1057,1132,1290,1074,1154,1019,1143,839,855,817,423,---
Sigourney,2209,2111,2330,2319,2387,2343,2355,2262,2210,2032,1952,1523,1735,992,---,162
Silver City,259,252,291,272,281,311,346,355,430,416,438,324,185,---,---,---
Sioux Center,6002,5074,4588,3450,2275,1860,1680,1497,1389,1064,810,---,---,---,---,---
Sioux City,85013,80505,82003,85925,89159,83991,82364,79183,71227,47828,33111,37806,7366,3401,---,---
Sioux Rapids,720,792,897,813,962,1010,1056,958,1080,868,1005,650,181,61,---,---
Slater,1306,1268,1312,1094,717,583,544,568,616,473,426,---,---,---,---,---
Sloan,1032,938,978,799,704,654,628,636,608,547,643,449,---,---,---,---
Smithland,221,252,282,293,349,373,389,389,321,334,435,369,---,---,---,---
Soldier,207,205,257,242,284,323,208,302,281,167,---,---,---,---,---,---
Solon,1177,1050,969,837,604,527,515,493,471,450,397,353,383,---,---,---
Somers,165,161,220,197,203,217,213,199,175,169,---,---,---,---,---,---
South English,213,224,211,218,217,248,288,296,355,338,319,---,---,---,---,---
Spencer,11317,11066,11726,10278,8864,7446,6599,5019,4599,3005,3095,1813,824,---,---,---
Spillville,386,387,415,361,389,363,329,304,315,320,356,---,---,---,---,---
Spirit Lake,4261,3872,3976,3014,2685,2467,2161,1778,1701,1162,1219,782,277,76,---,---
Spragueville,89,118,149,112,100,115,116,86,102,---,---,---,---,---,---,---
Spring Hill,92,86,95,131,111,86,146,101,489,94,---,---,---,---,---,---
Springbrook,182,165,209,196,139,109,131,103,126,217,107,---,---,---,---,---
Springville,1091,1068,1165,970,785,680,608,598,597,588,599,518,365,---,---,---
St. Ansgar,1031,1063,1100,994,1014,981,934,964,844,747,698,609,552,360,---,---
St. Anthony,109,112,140,156,130,175,211,202,203,199,174,---,---,---,---,---
St. Charles,619,537,507,443,355,319,331,400,430,399,412,387,183,---,---,---
St. Donatus,140,145,197,164,---,---,---,---,---,---,---,---,---,---,---,---
St. Lucas,178,174,194,194,211,158,158,168,137,138,---,---,---,---,---,---
St. Marys,134,113,111,105,94,89,84,89,---,---,---,---,---,---,---,---
St. Olaf,136,125,138,140,169,158,191,174,149,170,124,---,---,---,---,---
St. Paul,118,120,141,129,128,113,94,89,67,62,65,---,---,---,---,---
Stacyville,469,481,538,598,588,544,533,529,513,407,490,---,---,---,---,---
Stanhope,488,447,492,482,461,420,425,425,400,281,297,---,---,---,---,---
Stanley,128,116,154,151,156,158,185,138,163,---,---,---,---,---,---,---
Stanton,714,692,747,574,514,570,571,607,749,653,404,399,247,---,---,---
Stanwood,680,646,705,642,598,547,569,531,556,511,415,302,254,257,---,---
State Center,1349,1248,1292,1232,1142,1040,1033,1012,975,898,1008,854,880,559,---,---
Steamboat Rock,336,335,387,394,426,395,385,377,399,378,410,367,523,---,---,---
Stockport,284,260,272,334,342,346,338,322,385,265,---,---,---,---,---,---
Stockton,182,187,240,222,164,165,124,110,128,138,---,---,---,108,---,---
Storm Lake,10076,8769,8814,8591,7728,6954,5274,4157,3658,2428,2169,1682,1034,---,---,---
Story City,3228,2959,2762,2104,1773,1545,1479,1434,1591,1387,1197,536,331,---,---,---
Stout,217,192,190,196,145,135,135,143,162,---,---,---,---,---,---,---
Stratford,746,715,806,710,703,673,712,699,694,554,458,---,---,---,---,---
Strawberry Point,1386,1357,1463,1281,1303,1247,1223,1128,1101,1052,1012,947,715,---,---,---
Struble,85,67,70,59,74,91,134,161,129,327,172,---,---,---,---,---
Stuart,1712,1522,1650,1354,1486,1500,1611,1626,1716,1826,2079,2052,1994,---,---,---
Sully,904,841,828,685,508,452,402,362,393,282,---,---,---,---,---,---
Sumner,2106,2078,2335,2174,2170,1911,1752,1561,1511,1404,1437,861,285,---,---,---
Superior,142,128,188,139,190,240,230,168,200,154,187,---,---,---,---,---
Sutherland,707,714,897,875,883,835,875,802,876,664,722,490,---,---,---,---
Swaledale,174,190,186,222,217,205,204,178,200,235,240,---,---,---,---,---
Swan,121,76,102,56,168,194,217,220,238,292,406,419,99,---,---,---
Swea City,642,634,813,774,805,869,735,695,691,402,322,---,---,---,---,---
Swisher,813,645,654,417,271,205,93,---,---,---,---,---,---,---,---,---
Tabor,993,994,1088,957,909,869,976,1017,1186,909,934,503,320,310,---,---
Tama,2731,2697,2968,3000,2925,2930,2832,2626,2601,2290,2649,1741,1289,1161,---,---
Templeton,334,321,319,312,354,385,390,428,373,278,321,269,---,---,---,---
Tennant,73,78,77,93,95,95,109,118,79,---,---,---,---,---,---,---
Terril,404,383,420,397,382,425,452,416,440,253,217,---,---,---,---,---
Thayer,66,79,87,100,101,152,157,164,260,198,394,---,---,114,---,---
Thompson,596,498,668,600,689,698,664,538,548,500,450,---,---,---,---,---
Thor,174,205,200,212,234,271,264,257,285,271,274,---,---,---,---,---
Thornburg,84,91,103,98,101,138,184,171,197,233,267,---,---,---,---,---
Thornton,422,431,442,410,449,441,398,383,317,271,299,---,---,---,---,---
Thurman,236,239,221,230,268,284,325,388,341,336,409,395,378,---,---,---
Tiffin,975,460,413,299,311,256,240,206,178,176,---,---,---,---,---,---
Tingley,171,179,210,244,278,333,390,358,391,380,488,295,---,---,---,---
Tipton,3155,2998,3055,2877,2862,2633,2518,2145,2142,2048,2513,1599,1299,1246,1190,252
Titonka,584,612,658,599,647,589,574,473,418,278,224,---,---,---,---,---
Toledo,2539,2380,2455,2361,2417,2106,2073,1825,1604,1626,1941,1836,1026,888,---,---
Toronto,134,132,172,145,144,165,142,113,139,106,---,78,---,---,---,---
Traer,1594,1552,1703,1682,1623,1627,1493,1417,1329,1283,1458,1014,1100,---,---,---
Treynor,950,897,981,472,368,247,219,232,204,122,---,---,---,---,---,---
Tripoli,1310,1188,1280,1345,1179,1124,1001,891,914,755,655,---,---,---,---,---
Truesdale,91,132,128,132,153,158,135,116,113,---,---,---,---,---,---,---
Truro,427,391,407,359,338,354,353,361,332,310,---,---,---,---,---,---
Turin,75,95,103,115,163,160,184,167,158,154,---,---,---,---,---,---
Udell,58,76,75,71,76,96,137,151,214,186,---,---,---,---,---,---
Underwood,688,515,448,424,337,278,251,261,260,271,---,---,---,---,---,---
Union,427,448,515,484,534,490,585,498,660,540,589,514,666,---,---,---
Unionville,127,133,150,161,185,204,253,221,---,---,---,212,196,183,178,---
University Heights,987,1042,1069,1265,841,446,261,---,---,---,---,---,---,---,---,---
University Park,536,598,645,534,569,457,462,443,361,---,---,---,---,---,---,---
Urbana,1019,595,574,552,544,414,397,354,477,306,323,---,---,---,---,---
Urbandale,29072,23500,17869,14434,5821,1777,1083,596,298,---,---,---,---,---,---,---
Ute,378,395,479,512,511,563,581,616,580,490,407,---,---,---,---,---
Vail,452,388,490,486,473,532,576,622,635,631,578,538,511,---,---,---
Valeria,62,69,80,96,76,57,79,57,70,---,---,---,---,---,---,---
Van Horne,716,695,682,613,554,511,551,527,524,444,484,501,---,---,---,---
Van Meter,866,751,747,464,385,364,436,400,358,386,407,467,376,---,---,---
Van Wert,231,249,245,244,253,318,383,369,463,461,306,---,---,---,---,---
Varina,90,102,122,140,162,144,220,184,235,183,---,---,---,---,---,---
Ventura,670,590,614,543,---,---,---,---,---,---,---,---,---,---,---,---
Victor,952,966,1046,949,870,741,763,794,802,640,612,616,691,---,---,---
Villisca,1344,1332,1434,1402,1690,1838,2011,2032,2111,2039,2211,1744,1299,457,---,---
Vincent,158,185,207,204,173,193,192,194,182,215,163,---,---,---,---,---
Vining,70,78,96,71,122,112,126,163,153,---,---,---,---,---,---,---
Vinton,5102,5103,5040,4845,4781,4307,4163,3372,3381,3336,3499,2865,2906,2460,---,---
Volga,247,306,310,305,361,423,429,417,415,416,444,---,---,---,---,---
Wadena,243,236,230,237,275,316,377,312,318,253,170,---,128,---,---,---
Wahpeton,462,484,372,149,117,127,73,---,---,---,---,---,---,---,---,---
Walcott,1528,1356,1425,989,664,480,440,398,384,416,362,---,---,---,---,---
Walford,1224,303,285,286,264,---,---,---,---,---,---,---,---,---,---,---
Walker,750,673,733,622,584,549,462,456,464,517,505,---,---,---,---,---
Wall Lake,841,875,892,936,812,753,762,749,737,561,659,439,208,---,---,---
Wallingford,210,235,256,245,228,229,233,225,197,---,---,---,---,---,---,---
Walnut,778,857,897,870,777,888,902,935,1072,950,878,811,733,---,---,---
Wapello,2124,2013,2011,1873,1745,1755,1603,1502,1480,1326,1398,1009,928,870,821,336
Washington,7047,7074,6584,6317,6037,5902,5227,4814,4697,4380,4255,3235,2949,2575,---,---
Washta,282,284,320,319,310,403,442,448,508,410,431,---,---,---,---,---
Waterloo,68747,66467,75985,75533,71755,65198,51743,46191,36230,26693,12580,6674,5630,4337,---,---
Waterville,145,140,157,158,184,199,253,222,183,---,---,---,---,---,---,---
Waucoma,299,277,308,357,364,385,430,425,457,433,540,406,225,---,---,---
Waukee,5126,2512,2227,1577,687,501,473,445,375,340,292,240,245,---,---,---
Waukon,4131,4019,3983,3883,3639,3158,2972,2526,2359,2025,2153,1610,1350,---,---,---
Waverly,8968,8539,8444,7205,6357,5124,4156,3652,3352,3205,3177,2346,2345,2291,---,---
Wayland,945,838,720,702,597,600,576,625,637,550,394,---,---,---,---,---
Webb,165,167,222,234,236,235,254,240,219,150,---,---,---,---,---,---
Webster,110,103,124,130,137,136,165,178,172,127,---,---,---,---,---,---
Webster City,8176,7894,8572,8488,8520,7611,6738,7024,5657,5208,4613,2829,1848,1339,---,---
Weldon,145,151,187,155,202,229,250,298,323,308,---,---,---,---,---,---
Wellman,1393,1085,1125,977,1085,1071,1129,853,875,724,654,---,---,---,---,---
Wellsburg,716,682,761,754,827,744,616,508,482,288,203,---,---,---,---,---
Welton,159,184,119,104,88,93,100,80,69,69,---,---,---,---,---,---
Wesley,467,444,598,548,514,509,468,462,444,457,730,440,---,---,---,---
West Bend,834,862,941,865,910,772,737,634,969,679,538,325,---,---,---,---
West Branch,2188,1908,1867,1322,1053,769,719,652,688,643,647,474,501,---,---,---
West Burlington,3161,3083,3371,3139,2560,1614,1323,1333,1212,1206,1044,836,---,---,---,---
West Chester,159,178,191,199,253,218,213,223,225,222,209,---,---,---,---,---
West Des Moines,46403,31702,21894,16441,11949,5615,4252,4280,3631,2573,1700,---,---,---,---,---
West Liberty,3332,2935,2723,2296,2042,1866,1802,1679,1834,1666,1690,1268,1141,---,---,---
West Okoboji,432,263,435,210,171,158,117,112,---,---,---,---,---,---,---,---
West Point,980,1079,1133,1045,758,662,543,536,591,570,654,498,704,794,---,546
West Union,2549,2490,2783,2624,2551,2141,2059,2056,1777,1652,1935,1676,1551,1489,---,---
Westfield,189,160,199,148,187,172,197,218,203,143,---,---,---,---,---,---
Westgate,234,207,263,204,214,226,247,268,255,232,260,---,---,---,---,---
Westphalia,160,144,169,121,131,160,126,118,115,---,---,---,---,---,---,---
Westside,327,348,387,389,367,393,373,341,405,367,396,448,446,---,---,---
Westwood,127,104,---,---,---,---,---,---,---,---,---,---,---,---,---,---
What Cheer,678,762,803,868,956,1119,1339,1310,1626,1720,2746,3246,719,---,---,---
Wheatland,772,723,840,832,643,568,535,539,549,539,475,569,616,788,---,---
Whiting,707,683,734,590,595,663,688,627,625,576,572,437,56,---,---,---
Whittemore,530,535,647,658,741,678,671,604,618,518,522,578,105,---,---,---
Whitten,160,137,168,194,184,174,227,199,225,219,217,195,---,---,---,---
Willey,103,78,94,72,80,94,86,93,176,---,---,---,---,---,---,---
Williams,427,368,410,456,490,519,489,500,495,457,500,---,---,---,---,---
Williamsburg,2622,2174,2033,1544,1342,1183,1308,1219,1251,1060,1100,635,---,---,---,---
Williamson,163,166,210,216,262,294,616,814,---,---,---,---,---,---,---,---
Wilton,2829,2577,2502,1873,1750,1446,1146,1104,1178,1157,1233,1212,1431,1317,---,---
Windsor Heights,4805,5190,5474,6303,4715,1414,---,---,---,---,---,---,---,---,---,---
Winfield,1131,1051,1042,897,862,888,864,933,1027,934,820,461,---,---,---,---
Winterset,4768,4196,4021,3654,3639,3570,3631,2921,2906,2818,3039,2281,2583,1485,915,---
Winthrop,772,742,767,750,649,604,546,496,507,529,618,370,320,---,---,---
Wiota,149,160,181,171,195,227,246,225,199,239,218,168,110,---,---,---
Woden,243,259,287,265,283,272,305,258,188,162,---,---,---,---,---,---
Woodbine,1564,1500,1463,1349,1304,1304,1467,1348,1463,1538,1255,815,330,---,---,---
Woodburn,244,240,207,186,202,255,324,305,375,420,467,336,371,---,---,---
Woodward,1200,1197,1212,1010,967,908,895,901,868,712,550,328,---,---,---,---
Woolstock,204,212,235,222,269,255,271,317,294,264,274,---,---,---,---,---
Worthington,381,439,432,365,360,337,326,335,341,314,288,---,---,---,---,---
Wyoming,626,659,702,746,797,724,656,634,690,733,794,704,729,---,---,---
Yale,287,220,299,301,260,293,287,304,276,273,---,---,---,---,---,---
Yetter,36,49,52,52,85,121,135,114,125,107,---,---,---,---,---,---
Yorktown,82,100,123,105,150,146,197,217,193,228,170,---,---,---,---,---
Zearing,617,614,630,535,528,514,476,475,471,461,388,242,---,---,---,---
Zwingle,100,94,119,96,110,132,118,145,124,69,---,---,---,---,---,---
